Date;Hour;Volume;Price (EUR)
1/1/25;1;3252,7;138,7
1/1/25;2;3569,2;134,06
1/1/25;3;3751,8;124,42
1/1/25;4;3855,4;84,48
1/1/25;5;4068,8;64,28
1/1/25;6;3941,8;66,7
1/1/25;7;4056,7;62,42
1/1/25;8;3820;56,78
1/1/25;9;3150,5;29,22
1/1/25;10;3032,1;41,43
1/1/25;11;2822,3;28,98
1/1/25;12;2949,9;32,8
1/1/25;13;2917,3;36,56
1/1/25;14;3155,8;53,17
1/1/25;15;3480,4;66,8
1/1/25;16;3624,4;90,51
1/1/25;17;3491,2;120,79
1/1/25;18;3596,1;145,37
1/1/25;19;3607;142,1
1/1/25;20;3422,2;149,55
1/1/25;21;3657,5;139,62
1/1/25;22;3696,5;131,4
1/1/25;23;3917;107,6
1/1/25;24;3871,4;65,1
1/2/25;1;4217,4;57,07
1/2/25;2;4192,8;67,8
1/2/25;3;4168,5;70,66
1/2/25;4;4241,8;45,61
1/2/25;5;4533,6;52,68
1/2/25;6;4430,7;72,84
1/2/25;7;4275,3;114,75
1/2/25;8;3772,3;139
1/2/25;9;3098;129,07
1/2/25;10;3404,3;129,78
1/2/25;11;3680,4;128,35
1/2/25;12;3772,4;123,15
1/2/25;13;3791,2;121,94
1/2/25;14;3583,6;116,3
1/2/25;15;2937,2;124,51
1/2/25;16;3636;130,11
1/2/25;17;3231,2;159,64
1/2/25;18;3670,9;170
1/2/25;19;3964,9;159,64
1/2/25;20;4266,7;159,64
1/2/25;21;4089,4;131,19
1/2/25;22;3728,2;123,8
1/2/25;23;3669,9;116,81
1/2/25;24;3923;95,74
1/3/25;1;4380;110,35
1/3/25;2;4292,2;93,56
1/3/25;3;4328,1;88,89
1/3/25;4;4405,5;96,51
1/3/25;5;4152,6;99,78
1/3/25;6;4214,8;105
1/3/25;7;4466,5;121,98
1/3/25;8;3804,3;141
1/3/25;9;3091,5;141,68
1/3/25;10;3180;137,29
1/3/25;11;3455,4;123,59
1/3/25;12;3526;110,35
1/3/25;13;3406,8;110,34
1/3/25;14;3009,3;109,11
1/3/25;15;3158,4;117
1/3/25;16;3226,4;132,2
1/3/25;17;3097,2;158,05
1/3/25;18;3065,4;152
1/3/25;19;3038,9;150
1/3/25;20;3331,4;149,66
1/3/25;21;3318,1;138,09
1/3/25;22;3509,6;122,13
1/3/25;23;2833,2;129,58
1/3/25;24;2783,3;123,92
1/4/25;1;4058,7;110,98
1/4/25;2;4289,1;105,09
1/4/25;3;4238,9;98,81
1/4/25;4;4198;97,34
1/4/25;5;4183,8;99,09
1/4/25;6;4228,8;104,51
1/4/25;7;4100,4;111,75
1/4/25;8;3713,5;128,99
1/4/25;9;3684,6;128,39
1/4/25;10;3111,6;130,75
1/4/25;11;2853,8;130,34
1/4/25;12;2815,3;128,29
1/4/25;13;2844;130,03
1/4/25;14;2545,8;129,85
1/4/25;15;2769;136,4
1/4/25;16;3267,8;143,93
1/4/25;17;2901,8;191,68
1/4/25;18;2915,8;189,26
1/4/25;19;2873,2;191
1/4/25;20;2857,8;192,33
1/4/25;21;3069,6;160,19
1/4/25;22;3199,2;153,29
1/4/25;23;3062,1;147,08
1/4/25;24;3461,1;121,99
1/5/25;1;3817,6;112,62
1/5/25;2;4304,3;110,34
1/5/25;3;4293,6;96,06
1/5/25;4;4276;94,95
1/5/25;5;4257,1;93,86
1/5/25;6;4262,7;90,33
1/5/25;7;4168,9;92,87
1/5/25;8;3958;115,86
1/5/25;9;3751,9;97,88
1/5/25;10;3471;99,52
1/5/25;11;2949,1;95,51
1/5/25;12;2969,1;100,27
1/5/25;13;2940,3;96,72
1/5/25;14;2817,2;104,49
1/5/25;15;2676,5;115,39
1/5/25;16;3295,5;141,72
1/5/25;17;2893,9;216,4
1/5/25;18;2967,7;185,18
1/5/25;19;3023,9;165
1/5/25;20;3421,6;166
1/5/25;21;3721,4;159,98
1/5/25;22;4433;149,18
1/5/25;23;4510,7;107,98
1/5/25;24;4204,8;74,08
1/6/25;1;4229,1;107,63
1/6/25;2;4473,8;94,76
1/6/25;3;4625,3;74,32
1/6/25;4;4648,6;73,04
1/6/25;5;4657,3;72,38
1/6/25;6;4590,4;99,3
1/6/25;7;4049,8;129,58
1/6/25;8;3873,2;133,52
1/6/25;9;3527,9;130,72
1/6/25;10;3325,5;113,27
1/6/25;11;3206,9;94,88
1/6/25;12;3417,8;74,64
1/6/25;13;3613,9;80,05
1/6/25;14;3413,6;101,12
1/6/25;15;3399,6;116,55
1/6/25;16;3649,3;138,34
1/6/25;17;3418,8;154,51
1/6/25;18;3487,6;167,68
1/6/25;19;3437,7;155,32
1/6/25;20;3516,3;153,3
1/6/25;21;3754,4;147,36
1/6/25;22;4032,5;122,76
1/6/25;23;4088,2;116,9
1/6/25;24;4298,3;87,08
1/7/25;1;4774,4;45,97
1/7/25;2;4550,3;55,99
1/7/25;3;4620,7;50,93
1/7/25;4;4662,7;40,92
1/7/25;5;4436,3;66,34
1/7/25;6;4619,2;82,94
1/7/25;7;3636,6;133,42
1/7/25;8;3857,1;165,11
1/7/25;9;3581,3;152,33
1/7/25;10;3609,7;132,99
1/7/25;11;3690,9;122,49
1/7/25;12;3379,9;122,41
1/7/25;13;3407,2;123,72
1/7/25;14;3581,7;133,16
1/7/25;15;3759,9;140,51
1/7/25;16;3576,7;148,49
1/7/25;17;3463,2;163,6
1/7/25;18;3485,3;170
1/7/25;19;3208,8;162,14
1/7/25;20;3423,1;158,87
1/7/25;21;3240,3;150
1/7/25;22;3304,9;134,19
1/7/25;23;3344,2;121,36
1/7/25;24;3940,8;105,85
1/8/25;1;3793;83,6
1/8/25;2;3990,8;74,64
1/8/25;3;3945,7;72,07
1/8/25;4;4012,3;68,96
1/8/25;5;4154,9;83,14
1/8/25;6;3932,5;108,01
1/8/25;7;3505;129,91
1/8/25;8;3749,8;156,1
1/8/25;9;3535,8;151,67
1/8/25;10;3307,5;123,67
1/8/25;11;3493;107,16
1/8/25;12;3941;101,76
1/8/25;13;4033,9;103,29
1/8/25;14;3762,2;114,95
1/8/25;15;3367,9;124,83
1/8/25;16;3531,2;143,39
1/8/25;17;3359,2;152,73
1/8/25;18;3312,2;155,22
1/8/25;19;3254;152,01
1/8/25;20;3524;150,35
1/8/25;21;3700,8;139
1/8/25;22;4364,9;126,19
1/8/25;23;4547,3;116,33
1/8/25;24;4614,6;105,94
1/9/25;1;4457,3;105,23
1/9/25;2;4349,7;104,86
1/9/25;3;4396,8;102,62
1/9/25;4;4351,6;100,82
1/9/25;5;4416;105
1/9/25;6;4556,4;108,29
1/9/25;7;4125,6;134,4
1/9/25;8;4029,6;144,63
1/9/25;9;3490,4;157,81
1/9/25;10;3321,5;150,25
1/9/25;11;4491,5;142,14
1/9/25;12;4376,8;134
1/9/25;13;4339,5;118,78
1/9/25;14;4177;120,97
1/9/25;15;3305,8;125,39
1/9/25;16;3958,5;133,57
1/9/25;17;3361,3;159,81
1/9/25;18;3794,2;154,42
1/9/25;19;4091;158
1/9/25;20;4436,7;144,49
1/9/25;21;4268,7;135
1/9/25;22;4561,6;117,45
1/9/25;23;4548;103,81
1/9/25;24;4560;89,41
1/10/25;1;4262;86,97
1/10/25;2;4528,1;80,36
1/10/25;3;4509,8;75,69
1/10/25;4;4498,8;73,95
1/10/25;5;4523,7;70,9
1/10/25;6;4638,6;99,7
1/10/25;7;3459,2;132,6
1/10/25;8;3567,3;167,26
1/10/25;9;4014,8;158,97
1/10/25;10;3325,7;141,38
1/10/25;11;3936,1;123,57
1/10/25;12;4291,2;113,59
1/10/25;13;4207,5;107,43
1/10/25;14;4008,6;105,01
1/10/25;15;3370;110,01
1/10/25;16;3514,8;128,69
1/10/25;17;3762;159,18
1/10/25;18;3723,4;149,64
1/10/25;19;3158,8;149,54
1/10/25;20;3486,1;148,37
1/10/25;21;3754,2;135
1/10/25;22;4016,6;122,51
1/10/25;23;3933,5;119,88
1/10/25;24;3659,7;113,25
1/11/25;1;3516,6;108,54
1/11/25;2;3827,1;99,82
1/11/25;3;3977,9;96,19
1/11/25;4;3991,4;91,58
1/11/25;5;4050,9;90,86
1/11/25;6;3919,1;91,96
1/11/25;7;3822,2;93,24
1/11/25;8;3630,9;118,23
1/11/25;9;3549,4;116,99
1/11/25;10;3184,4;127,74
1/11/25;11;3463,3;104,35
1/11/25;12;3507,1;99,81
1/11/25;13;3442,8;96,84
1/11/25;14;3812,1;93,15
1/11/25;15;3986,5;103,95
1/11/25;16;3721,5;105,98
1/11/25;17;3036,7;148,74
1/11/25;18;2946;155,2
1/11/25;19;2952;150
1/11/25;20;3291;150,01
1/11/25;21;3304,8;136,87
1/11/25;22;4239,4;122,41
1/11/25;23;4441,1;110,57
1/11/25;24;4208,1;105,84
1/12/25;1;4266;107,48
1/12/25;2;4333,7;89,05
1/12/25;3;4437,1;90
1/12/25;4;4541,9;85,35
1/12/25;5;4520,7;85
1/12/25;6;4451,1;84,92
1/12/25;7;3941,5;87,41
1/12/25;8;4136,9;101,75
1/12/25;9;4202,9;116,31
1/12/25;10;4409,9;120,07
1/12/25;11;3855,4;117,77
1/12/25;12;3806,1;105,61
1/12/25;13;3728,5;102,99
1/12/25;14;3667,2;99,61
1/12/25;15;3438,4;105,34
1/12/25;16;3649,7;120
1/12/25;17;3371;135
1/12/25;18;3377,9;142,45
1/12/25;19;3494,5;146,66
1/12/25;20;2948,8;144,12
1/12/25;21;2983,7;135,77
1/12/25;22;3134,5;127,74
1/12/25;23;3153,5;121,48
1/12/25;24;3068,5;114,9
1/13/25;1;3152,4;112,39
1/13/25;2;3123,1;105,07
1/13/25;3;3146,2;104,46
1/13/25;4;3183,2;100,37
1/13/25;5;3252,2;100
1/13/25;6;3316,1;110,17
1/13/25;7;3525,5;140,11
1/13/25;8;3883,8;188,09
1/13/25;9;3916,4;229,55
1/13/25;10;3896;175
1/13/25;11;3799,3;141,08
1/13/25;12;4287,9;122,68
1/13/25;13;3952;117,7
1/13/25;14;3753,4;123,6
1/13/25;15;3786,6;130,96
1/13/25;16;3806,1;144,28
1/13/25;17;4024,6;162,19
1/13/25;18;3950,2;156,83
1/13/25;19;3770;157,07
1/13/25;20;3291,1;154,66
1/13/25;21;3511,3;146,85
1/13/25;22;3237,6;128,97
1/13/25;23;3382,9;119,17
1/13/25;24;3151,6;107,8
1/14/25;1;3715,7;109,31
1/14/25;2;3254,8;106,29
1/14/25;3;3323,3;101,94
1/14/25;4;3311,3;100,62
1/14/25;5;3333,1;103,8
1/14/25;6;3697,5;109,03
1/14/25;7;3744,9;138,13
1/14/25;8;4212,4;161,89
1/14/25;9;4198,4;185,47
1/14/25;10;3924,1;151,98
1/14/25;11;4204,3;130,11
1/14/25;12;4382,6;123,46
1/14/25;13;4394,1;119,13
1/14/25;14;3725,7;120
1/14/25;15;3820,1;135,6
1/14/25;16;3912,7;173,62
1/14/25;17;4117,1;197,14
1/14/25;18;3992,5;262,99
1/14/25;19;4000,3;250,63
1/14/25;20;3997,5;205,29
1/14/25;21;3822,1;181,49
1/14/25;22;3667,2;171,11
1/14/25;23;3596,6;155,07
1/14/25;24;3307,2;124,32
1/15/25;1;3151,3;119,98
1/15/25;2;3549,3;111,6
1/15/25;3;3551,2;110,69
1/15/25;4;3580,7;108,67
1/15/25;5;3766,7;118,11
1/15/25;6;3511,4;132,62
1/15/25;7;3614,3;152,22
1/15/25;8;3902,8;197,46
1/15/25;9;3909,1;315,14
1/15/25;10;3813,9;320,08
1/15/25;11;3858,6;311,49
1/15/25;12;3883,6;311,84
1/15/25;13;3934,9;293,49
1/15/25;14;4035;290,75
1/15/25;15;3871,2;290,53
1/15/25;16;3769,4;327,98
1/15/25;17;3511,7;386,98
1/15/25;18;3566,2;452,13
1/15/25;19;3310,4;430,59
1/15/25;20;3288,6;416,51
1/15/25;21;3314,8;186,3
1/15/25;22;3779,2;152,9
1/15/25;23;3986,6;143,29
1/15/25;24;4148,4;123,9
1/16/25;1;3350,1;126,33
1/16/25;2;3649,2;122,83
1/16/25;3;3919,9;118,24
1/16/25;4;3812,4;115,91
1/16/25;5;3906,3;119,37
1/16/25;6;3635,1;129,58
1/16/25;7;3792,8;163,8
1/16/25;8;3784,7;204,18
1/16/25;9;3860,9;206,06
1/16/25;10;3491,9;175
1/16/25;11;3518,3;151,9
1/16/25;12;3388,5;140,64
1/16/25;13;3397,4;134,76
1/16/25;14;3562;137,98
1/16/25;15;3957,1;146
1/16/25;16;3998,9;173,3
1/16/25;17;4229,5;186,88
1/16/25;18;4285,3;195,47
1/16/25;19;3677,7;184,32
1/16/25;20;3567,3;179,97
1/16/25;21;3843,8;159,6
1/16/25;22;3824,3;152,77
1/16/25;23;3592,1;140,69
1/16/25;24;3154,6;129,85
1/17/25;1;3348,3;123,49
1/17/25;2;3062,9;121,74
1/17/25;3;3081,3;118,71
1/17/25;4;3233,4;116,94
1/17/25;5;3360,2;117,21
1/17/25;6;3475,9;123,57
1/17/25;7;3582,1;140,8
1/17/25;8;3741,2;175,01
1/17/25;9;4525,8;208,13
1/17/25;10;4748,6;175,34
1/17/25;11;4627,9;157,74
1/17/25;12;4597,2;140,68
1/17/25;13;4561;126,44
1/17/25;14;4355,2;124,03
1/17/25;15;3691;133,68
1/17/25;16;3811,7;152,2
1/17/25;17;3813,5;173,59
1/17/25;18;3855,7;179,35
1/17/25;19;3529,5;179,92
1/17/25;20;3905,3;174,22
1/17/25;21;3689,9;157,91
1/17/25;22;3651,8;145
1/17/25;23;3234,3;139,97
1/17/25;24;3110,4;127,92
1/18/25;1;3140,7;126,09
1/18/25;2;3269;121,2
1/18/25;3;3108,1;121,36
1/18/25;4;3125,3;118,9
1/18/25;5;3118,6;116,94
1/18/25;6;3230,2;119,82
1/18/25;7;3460,5;123,63
1/18/25;8;2985,1;135,37
1/18/25;9;4047,8;145,9
1/18/25;10;4330,4;144,1
1/18/25;11;4473,8;127,73
1/18/25;12;4351,1;75,06
1/18/25;13;4280,8;75,04
1/18/25;14;4098;115,01
1/18/25;15;3121,4;119,58
1/18/25;16;3031,4;138,54
1/18/25;17;3150,2;172,32
1/18/25;18;3051;172,53
1/18/25;19;2978,4;167,57
1/18/25;20;3287,5;167,85
1/18/25;21;3678,7;156,12
1/18/25;22;3899,5;143,42
1/18/25;23;3749,9;136,4
1/18/25;24;3548,3;129,36
1/19/25;1;3180,5;129,88
1/19/25;2;3104,3;124,89
1/19/25;3;2898,9;123,61
1/19/25;4;2992,7;121,24
1/19/25;5;3027,2;120,18
1/19/25;6;3374,5;120
1/19/25;7;3841,4;121,67
1/19/25;8;3565;123,98
1/19/25;9;3922,8;123,66
1/19/25;10;4456,4;125,95
1/19/25;11;4403,7;98,74
1/19/25;12;4507,7;46,33
1/19/25;13;4338,9;46,33
1/19/25;14;4052,6;107,51
1/19/25;15;3108;116,81
1/19/25;16;4008,2;127,28
1/19/25;17;3588,1;152,73
1/19/25;18;3194,8;167,73
1/19/25;19;3276,7;169,81
1/19/25;20;3331,4;170
1/19/25;21;2958;164,79
1/19/25;22;3722,7;157
1/19/25;23;3770,8;133,82
1/19/25;24;3717,5;123,81
1/20/25;1;3449,9;122,44
1/20/25;2;3303,8;119,76
1/20/25;3;3251,4;116,6
1/20/25;4;3320;114,41
1/20/25;5;3409,9;115,45
1/20/25;6;3537;129,57
1/20/25;7;3579,1;166,11
1/20/25;8;4091,3;296,08
1/20/25;9;4547,1;445
1/20/25;10;4776,6;291,8
1/20/25;11;4794,1;236,29
1/20/25;12;4711,5;191,48
1/20/25;13;4692,3;178,49
1/20/25;14;4487,4;171,39
1/20/25;15;4152,9;191,83
1/20/25;16;3763,3;276,81
1/20/25;17;4248,3;442,13
1/20/25;18;4339,9;603,3
1/20/25;19;4214,7;473,28
1/20/25;20;4126,6;295,57
1/20/25;21;3666,5;220
1/20/25;22;3435,1;170
1/20/25;23;3401,1;158,18
1/20/25;24;3224,8;141,99
1/21/25;1;3101,1;138,01
1/21/25;2;3177,1;132,03
1/21/25;3;3185,2;125,69
1/21/25;4;3178,9;127,98
1/21/25;5;3396,9;137,66
1/21/25;6;3528,1;160,57
1/21/25;7;3742,1;205,19
1/21/25;8;3908,9;317,17
1/21/25;9;4052,5;419,1
1/21/25;10;4101,6;278,94
1/21/25;11;4170,5;244,81
1/21/25;12;4218,1;212,13
1/21/25;13;4320,6;210
1/21/25;14;4272,1;190,42
1/21/25;15;3785,1;216,28
1/21/25;16;3575,9;296,09
1/21/25;17;3539,3;234,6
1/21/25;18;3727,9;324,51
1/21/25;19;3751;262,02
1/21/25;20;3464,5;205,98
1/21/25;21;3186,6;178,15
1/21/25;22;3078;157,15
1/21/25;23;3180,1;143,49
1/21/25;24;3148,2;135,88
1/22/25;1;3079,5;131,15
1/22/25;2;3038,9;125,75
1/22/25;3;3067,6;123,93
1/22/25;4;3121,9;124,01
1/22/25;5;3117,9;125,84
1/22/25;6;3622,3;141,64
1/22/25;7;3262,6;205,36
1/22/25;8;3879,2;335,72
1/22/25;9;4643;252,6
1/22/25;10;4631,7;199,41
1/22/25;11;4738,5;179,06
1/22/25;12;4649,8;130,02
1/22/25;13;4655,2;116,48
1/22/25;14;4801,6;147,91
1/22/25;15;4392,3;180
1/22/25;16;3933,6;199,35
1/22/25;17;3493,8;260,93
1/22/25;18;3637,9;274,66
1/22/25;19;3441,8;220,29
1/22/25;20;3192;212,53
1/22/25;21;3064,5;217,21
1/22/25;22;3101,5;166,43
1/22/25;23;3241,5;150,92
1/22/25;24;3084,8;140
1/23/25;1;3094;128,65
1/23/25;2;3138,2;123,55
1/23/25;3;3321,5;110,35
1/23/25;4;3228,3;109,05
1/23/25;5;3374,5;115,28
1/23/25;6;3166,3;126,84
1/23/25;7;3225,3;179,91
1/23/25;8;3449,7;207,89
1/23/25;9;4457,6;177,82
1/23/25;10;4420,9;167,75
1/23/25;11;4709,1;137
1/23/25;12;4483,8;97,61
1/23/25;13;4534,6;95,27
1/23/25;14;4643,6;110,35
1/23/25;15;4423,7;164,21
1/23/25;16;4001,4;192,3
1/23/25;17;3968,8;217,58
1/23/25;18;4145,5;220,59
1/23/25;19;3969;205,16
1/23/25;20;3750,7;196,21
1/23/25;21;3507;207,2
1/23/25;22;3705,2;163,79
1/23/25;23;3354,4;160,56
1/23/25;24;3122,9;133,78
1/24/25;1;3093,7;122,59
1/24/25;2;3094,2;110,34
1/24/25;3;3399,6;104,35
1/24/25;4;3319,1;103,1
1/24/25;5;3105,2;109,51
1/24/25;6;3451,7;136,5
1/24/25;7;3589;173,65
1/24/25;8;3784,8;189,12
1/24/25;9;4271,8;169
1/24/25;10;4144,8;151,2
1/24/25;11;4241;143,54
1/24/25;12;4320,7;132,73
1/24/25;13;4359,6;131,09
1/24/25;14;4179,3;128,95
1/24/25;15;4336,4;133,3
1/24/25;16;4155,1;159,26
1/24/25;17;3963,7;203,54
1/24/25;18;4158,1;204,18
1/24/25;19;4023,6;196,75
1/24/25;20;3766,9;192,29
1/24/25;21;3214,3;181,32
1/24/25;22;3481,5;170,41
1/24/25;23;3114,1;146,81
1/24/25;24;3764,3;127,15
1/25/25;1;4439,1;116,4
1/25/25;2;4574,2;105,08
1/25/25;3;4548;88,87
1/25/25;4;4638,4;85,76
1/25/25;5;4618,7;88,36
1/25/25;6;4562,1;96
1/25/25;7;4456,8;114,28
1/25/25;8;3843,2;124,78
1/25/25;9;3288,5;108,25
1/25/25;10;4287,1;102,64
1/25/25;11;4115,5;95
1/25/25;12;4158,1;67,13
1/25/25;13;4062,3;86,65
1/25/25;14;3599,7;85,36
1/25/25;15;2818,6;97,94
1/25/25;16;2982,9;118,92
1/25/25;17;3801,1;156,51
1/25/25;18;3683,7;158,87
1/25/25;19;3132,8;160,15
1/25/25;20;2975,4;160,5
1/25/25;21;2957;152,86
1/25/25;22;3041,4;143,9
1/25/25;23;3080,8;135,99
1/25/25;24;2997,7;124,19
1/26/25;1;3039;130,13
1/26/25;2;3483,8;119,03
1/26/25;3;3300,3;116,21
1/26/25;4;3366,5;110,35
1/26/25;5;3356,8;110,34
1/26/25;6;3516,5;112,48
1/26/25;7;3464,8;114,86
1/26/25;8;3096,7;122,15
1/26/25;9;2691,9;130,28
1/26/25;10;3511,3;127,74
1/26/25;11;3521,6;108,62
1/26/25;12;3597,4;103,57
1/26/25;13;3504,4;97,01
1/26/25;14;3227,3;94,1
1/26/25;15;3727,6;110,34
1/26/25;16;3758;120,13
1/26/25;17;3716;134,18
1/26/25;18;3876,1;143,28
1/26/25;19;4321,1;130,58
1/26/25;20;4194,1;133,78
1/26/25;21;4234;124,12
1/26/25;22;4504,5;114,15
1/26/25;23;4559,2;95,36
1/26/25;24;4518,1;77,9
1/27/25;1;4617,5;60,99
1/27/25;2;4704,9;56,32
1/27/25;3;4811;39,53
1/27/25;4;4900;35,35
1/27/25;5;4980;48,6
1/27/25;6;4480,4;119,99
1/27/25;7;3281,3;150,63
1/27/25;8;3503,8;178,44
1/27/25;9;3316,9;160
1/27/25;10;3626,8;130,29
1/27/25;11;3758,3;99,89
1/27/25;12;4319,2;96,27
1/27/25;13;4378,1;90,12
1/27/25;14;4027,2;103,84
1/27/25;15;4045,3;130
1/27/25;16;3426,6;146,09
1/27/25;17;3269,2;187,93
1/27/25;18;3181,9;183,57
1/27/25;19;3098,2;188,32
1/27/25;20;3075;186
1/27/25;21;3038,8;166,05
1/27/25;22;3179,3;142,03
1/27/25;23;3963,8;123,18
1/27/25;24;4171,2;96,93
1/28/25;1;4409,2;104,46
1/28/25;2;4611;81,12
1/28/25;3;4550,3;88,45
1/28/25;4;4456;82,91
1/28/25;5;4496,1;83,63
1/28/25;6;4308,5;116,91
1/28/25;7;3554,1;140
1/28/25;8;4033,6;142
1/28/25;9;3330,7;143,91
1/28/25;10;3887;128,42
1/28/25;11;4390,6;128,44
1/28/25;12;4584;123,45
1/28/25;13;4605,3;110,34
1/28/25;14;4648,2;124,77
1/28/25;15;4317,5;129,12
1/28/25;16;3438,2;129,7
1/28/25;17;3296,2;144,15
1/28/25;18;3394,8;148,31
1/28/25;19;3370,3;145,71
1/28/25;20;3451,4;137,75
1/28/25;21;3073,6;136,74
1/28/25;22;3479,8;119,42
1/28/25;23;3720,3;116,12
1/28/25;24;3756,7;96,02
1/29/25;1;3276,3;95
1/29/25;2;3656,4;88,55
1/29/25;3;3519,7;82,97
1/29/25;4;3459,9;82,98
1/29/25;5;3681,1;88,33
1/29/25;6;3210,1;112,23
1/29/25;7;3279,4;143,08
1/29/25;8;4008,2;172,51
1/29/25;9;3790;145,34
1/29/25;10;4039,6;135,64
1/29/25;11;4058,9;110,09
1/29/25;12;4393,1;92,89
1/29/25;13;4476,8;80,01
1/29/25;14;4247,6;86,36
1/29/25;15;3452,3;97,02
1/29/25;16;3337,2;128,76
1/29/25;17;3666,8;174,15
1/29/25;18;4078,4;175,01
1/29/25;19;4055,8;161,21
1/29/25;20;3676,4;165,22
1/29/25;21;3516,9;154,93
1/29/25;22;3338,5;144,71
1/29/25;23;3282,2;125,25
1/29/25;24;3184,6;104,95
1/30/25;1;3072,8;100,05
1/30/25;2;2980,3;99,5
1/30/25;3;2984;97,82
1/30/25;4;3137,4;100
1/30/25;5;3084,5;99,68
1/30/25;6;3388,6;112,95
1/30/25;7;4004;144,83
1/30/25;8;4112;154,44
1/30/25;9;4266,8;160,3
1/30/25;10;4028,7;151,75
1/30/25;11;4254,2;131,73
1/30/25;12;4311;123,25
1/30/25;13;4316,3;113
1/30/25;14;3938,9;113,3
1/30/25;15;3606,9;129,9
1/30/25;16;4100,4;153,47
1/30/25;17;3829,9;161,04
1/30/25;18;4166,2;176,91
1/30/25;19;3951,9;173,14
1/30/25;20;3161,5;161,28
1/30/25;21;3250,2;151,26
1/30/25;22;3587,8;134,96
1/30/25;23;3796,7;126,89
1/30/25;24;3407,5;120,2
1/31/25;1;3122,8;120
1/31/25;2;3047,2;117,41
1/31/25;3;3245,7;114,04
1/31/25;4;3047,2;114,2
1/31/25;5;3085;117,1
1/31/25;6;3135,4;121,78
1/31/25;7;3173,1;148,61
1/31/25;8;3401,6;159,74
1/31/25;9;4182,6;163,7
1/31/25;10;4650,1;154,82
1/31/25;11;4424,3;130,1
1/31/25;12;4326;39,7
1/31/25;13;4432;41,45
1/31/25;14;4287,1;80
1/31/25;15;4192,4;119,98
1/31/25;16;3300,7;152,5
1/31/25;17;3788,7;168
1/31/25;18;3555,6;200
1/31/25;19;3419;184,48
1/31/25;20;3796,8;178,99
1/31/25;21;3559,6;162,66
1/31/25;22;2941;152,7
1/31/25;23;3478,6;148,08
1/31/25;24;3184,8;133,11
2/1/25;1;3011,9;138,16
2/1/25;2;2728;130,34
2/1/25;3;2891,1;124,96
2/1/25;4;2843,4;119,24
2/1/25;5;2735,8;119,66
2/1/25;6;3082,7;121,25
2/1/25;7;3192,8;127,26
2/1/25;8;2699,3;144,74
2/1/25;9;3990,5;153,46
2/1/25;10;4140,6;112,91
2/1/25;11;4043,8;81,02
2/1/25;12;4110,1;40,19
2/1/25;13;3941;47,03
2/1/25;14;3768,8;103,4
2/1/25;15;3072,4;113,7
2/1/25;16;2882;130,38
2/1/25;17;2924;155,52
2/1/25;18;3246,8;166,76
2/1/25;19;3188,8;166,97
2/1/25;20;2894,2;162,98
2/1/25;21;2647,3;156,6
2/1/25;22;2702,8;145,24
2/1/25;23;2781;141,73
2/1/25;24;2714,8;131,74
2/2/25;1;2664,8;133,26
2/2/25;2;2765;126,91
2/2/25;3;2752,1;122,99
2/2/25;4;2910,7;120,66
2/2/25;5;2870,3;122,34
2/2/25;6;2828,2;123,41
2/2/25;7;2611,6;128,09
2/2/25;8;2737,4;135,9
2/2/25;9;2987,3;137,3
2/2/25;10;3032,1;137,7
2/2/25;11;2960,2;130,04
2/2/25;12;2826,5;129,33
2/2/25;13;2847,8;122,24
2/2/25;14;3180,8;111,88
2/2/25;15;3472,4;116,83
2/2/25;16;2961,3;129,65
2/2/25;17;3388,6;154,67
2/2/25;18;3801,1;166,23
2/2/25;19;3879,4;172
2/2/25;20;3352,7;173,95
2/2/25;21;3191,7;165,5
2/2/25;22;3172,7;155,77
2/2/25;23;3073,5;148,44
2/2/25;24;2970,6;133,24
2/3/25;1;3320;129,54
2/3/25;2;3202,7;126,63
2/3/25;3;3073,4;124,72
2/3/25;4;3056,6;120,04
2/3/25;5;2866,3;123,24
2/3/25;6;3467,9;127,77
2/3/25;7;3462,8;159,18
2/3/25;8;3480,9;207,88
2/3/25;9;3505,2;243,23
2/3/25;10;3617,7;178,04
2/3/25;11;3523,6;149,95
2/3/25;12;3220,9;126,19
2/3/25;13;3339,8;117,27
2/3/25;14;3667,9;115,72
2/3/25;15;4227,2;124,52
2/3/25;16;4416,3;148,13
2/3/25;17;3562,2;167,45
2/3/25;18;3757,5;212,35
2/3/25;19;3936,4;200,73
2/3/25;20;3737,6;201,1
2/3/25;21;3542,1;167,74
2/3/25;22;3521,4;153
2/3/25;23;3280;144,2
2/3/25;24;2980;135,81
2/4/25;1;3072,1;132,4
2/4/25;2;3232,6;125,54
2/4/25;3;3195,4;123,18
2/4/25;4;3404,2;123,99
2/4/25;5;3406,6;123,25
2/4/25;6;3274,4;127,63
2/4/25;7;3998,4;155,17
2/4/25;8;4322,3;190,74
2/4/25;9;4461,5;211,99
2/4/25;10;4524,1;163,31
2/4/25;11;4427,4;136,53
2/4/25;12;4596,2;126,77
2/4/25;13;4572,7;105,95
2/4/25;14;4062,9;113,19
2/4/25;15;3556,8;120,09
2/4/25;16;3879,9;143,35
2/4/25;17;4104,6;171,08
2/4/25;18;4207,8;179,72
2/4/25;19;3970,8;175
2/4/25;20;3787,7;173,92
2/4/25;21;3896,1;162,05
2/4/25;22;3409,5;136,64
2/4/25;23;3081,2;131,34
2/4/25;24;3046,8;123,98
2/5/25;1;3557,5;115,99
2/5/25;2;3143,7;111,37
2/5/25;3;3174,9;110,65
2/5/25;4;3113,6;109,48
2/5/25;5;3142,2;115,54
2/5/25;6;3565;122,53
2/5/25;7;3783,4;152,34
2/5/25;8;4225,4;169,31
2/5/25;9;3989,4;180,81
2/5/25;10;4433,3;159,33
2/5/25;11;4567,7;134,15
2/5/25;12;4715,3;122,97
2/5/25;13;4634,1;117,79
2/5/25;14;4368,6;119,85
2/5/25;15;4049,4;128,85
2/5/25;16;3681,7;144,12
2/5/25;17;4021,6;159,65
2/5/25;18;4223,7;177,08
2/5/25;19;4171,4;189,9
2/5/25;20;4198;189,63
2/5/25;21;3252,9;170
2/5/25;22;3295,6;155,42
2/5/25;23;2988,5;143,7
2/5/25;24;3069,5;133,9
2/6/25;1;3534,6;133,67
2/6/25;2;3272,2;129,92
2/6/25;3;3388;125,98
2/6/25;4;3379,8;125
2/6/25;5;3247,9;125,01
2/6/25;6;3784;134,22
2/6/25;7;4134,6;154,19
2/6/25;8;4569,6;180,09
2/6/25;9;4589,1;218,52
2/6/25;10;4491,6;178,85
2/6/25;11;4624,6;146,48
2/6/25;12;4842,3;150,22
2/6/25;13;4770,5;145,09
2/6/25;14;4461,6;142
2/6/25;15;4097,2;140,08
2/6/25;16;3888,4;150,2
2/6/25;17;4275;171,71
2/6/25;18;4045,9;176,56
2/6/25;19;4275,5;178,85
2/6/25;20;4109,8;175,04
2/6/25;21;4131,3;170,2
2/6/25;22;4124,3;152,77
2/6/25;23;3727,5;141,74
2/6/25;24;3757,3;121,95
2/7/25;1;3267,9;126,05
2/7/25;2;2956,2;112,7
2/7/25;3;3035,7;108,82
2/7/25;4;3043,1;105
2/7/25;5;3198;110
2/7/25;6;3787,1;119,88
2/7/25;7;4104,4;160,33
2/7/25;8;4439,9;175,54
2/7/25;9;4562,9;165,21
2/7/25;10;4701,8;150,5
2/7/25;11;4672,3;134,71
2/7/25;12;4524,4;117,95
2/7/25;13;4456,9;108,37
2/7/25;14;4348,5;114,71
2/7/25;15;3986,3;117,93
2/7/25;16;3857,7;134,48
2/7/25;17;4078,9;182,86
2/7/25;18;4067,1;184,98
2/7/25;19;4069,8;182,15
2/7/25;20;3935;180,19
2/7/25;21;3924,3;178,85
2/7/25;22;3986,4;153,72
2/7/25;23;3669,6;120,7
2/7/25;24;3662,6;112,25
2/8/25;1;3440,8;90,73
2/8/25;2;3508,4;87,34
2/8/25;3;3589,8;86,64
2/8/25;4;3557,5;88,62
2/8/25;5;3582,7;89,69
2/8/25;6;3645,8;90,99
2/8/25;7;3576;98,74
2/8/25;8;3768,4;110,52
2/8/25;9;4688,5;112,77
2/8/25;10;4597,8;99,43
2/8/25;11;4825,9;93,02
2/8/25;12;4826,8;85
2/8/25;13;4659,2;62,31
2/8/25;14;4207,7;88,57
2/8/25;15;3573,1;94
2/8/25;16;3507;118
2/8/25;17;4019,7;152,27
2/8/25;18;3886,8;166,14
2/8/25;19;3765,5;160,56
2/8/25;20;3885,1;159,03
2/8/25;21;3817;154,45
2/8/25;22;3828,5;149
2/8/25;23;3706,4;142,78
2/8/25;24;3709,1;134,15
2/9/25;1;3706;135
2/9/25;2;3350;125,82
2/9/25;3;3152;121,67
2/9/25;4;3162;119,3
2/9/25;5;3237,6;116,81
2/9/25;6;3379,8;117
2/9/25;7;3656,5;117
2/9/25;8;3756,7;133,43
2/9/25;9;4481,3;136,77
2/9/25;10;4678,3;122,01
2/9/25;11;4820,7;113,44
2/9/25;12;4774,5;107
2/9/25;13;4630,2;50
2/9/25;14;4486,9;60
2/9/25;15;4076,3;109,9
2/9/25;16;3811,2;120,4
2/9/25;17;4037;153,18
2/9/25;18;4171,5;164,47
2/9/25;19;3929,9;178,85
2/9/25;20;4074,6;178,85
2/9/25;21;4193,9;169,46
2/9/25;22;4081;145
2/9/25;23;3809,9;143
2/9/25;24;3493,4;128,9
2/10/25;1;3333,8;119,93
2/10/25;2;3011,2;114,9
2/10/25;3;3143,1;112,2
2/10/25;4;3174,6;108,25
2/10/25;5;3315,2;107,85
2/10/25;6;3824;116,88
2/10/25;7;4228,7;159,62
2/10/25;8;4384,3;178,86
2/10/25;9;4784,4;181,36
2/10/25;10;5126,2;163,18
2/10/25;11;5106,1;141,99
2/10/25;12;4900,5;110,37
2/10/25;13;4808;110,46
2/10/25;14;4633,4;120,8
2/10/25;15;4271;130,29
2/10/25;16;4074,7;167,33
2/10/25;17;4097;200,24
2/10/25;18;4190,2;220,48
2/10/25;19;4062,6;220,21
2/10/25;20;3752,3;203,96
2/10/25;21;4026,6;206,43
2/10/25;22;3872,1;178,86
2/10/25;23;3943,6;170,66
2/10/25;24;3599,3;140
2/11/25;1;3402,5;148
2/11/25;2;3221,7;133,78
2/11/25;3;3361,1;126,12
2/11/25;4;3356,6;124,17
2/11/25;5;3500,3;134,88
2/11/25;6;3922;178,85
2/11/25;7;4060,7;185,65
2/11/25;8;4487,1;243
2/11/25;9;4360,2;178,85
2/11/25;10;4861,2;144,56
2/11/25;11;4289,3;115,19
2/11/25;12;4325,8;106,57
2/11/25;13;4255,2;108,51
2/11/25;14;3985,1;117,91
2/11/25;15;3765,9;128,14
2/11/25;16;3925,3;164,66
2/11/25;17;3614,4;191,99
2/11/25;18;3468,4;215,79
2/11/25;19;3513,6;242,33
2/11/25;20;3549,4;208,19
2/11/25;21;3248,6;183,27
2/11/25;22;3815,3;178,85
2/11/25;23;4033,8;163,64
2/11/25;24;3687,9;133,24
2/12/25;1;3527,2;129,39
2/12/25;2;3917,7;127,85
2/12/25;3;3661,6;126,82
2/12/25;4;3661,6;126,59
2/12/25;5;3788,1;128,74
2/12/25;6;4100,1;137,59
2/12/25;7;4033;178,85
2/12/25;8;3744,6;182,14
2/12/25;9;4482,8;180
2/12/25;10;4752,5;174,92
2/12/25;11;4937,4;163,95
2/12/25;12;4696,9;148,01
2/12/25;13;4500,4;147,17
2/12/25;14;4252,4;150
2/12/25;15;4033,4;171,81
2/12/25;16;3555,3;187,24
2/12/25;17;3345,4;210,39
2/12/25;18;3357,8;372,76
2/12/25;19;3394,6;321,51
2/12/25;20;3500,3;241,79
2/12/25;21;3515,4;234,53
2/12/25;22;3700,3;184,61
2/12/25;23;3960;178,85
2/12/25;24;3809,5;165,21
2/13/25;1;3934,8;164,29
2/13/25;2;4290,3;150,5
2/13/25;3;4334,2;146
2/13/25;4;4331,4;141,33
2/13/25;5;4427;146,5
2/13/25;6;4150,9;169,01
2/13/25;7;3469,1;223,92
2/13/25;8;4069,1;360,02
2/13/25;9;4287,6;310,93
2/13/25;10;4125,4;269,44
2/13/25;11;3829,5;207,06
2/13/25;12;4027,8;186,95
2/13/25;13;4117,8;181,85
2/13/25;14;4096,9;198,61
2/13/25;15;3756,2;218,88
2/13/25;16;3438,2;237,37
2/13/25;17;3563,2;281,04
2/13/25;18;3557,1;282,48
2/13/25;19;3418,2;209,02
2/13/25;20;3532,4;196,52
2/13/25;21;3868;178,85
2/13/25;22;3918;162,92
2/13/25;23;3699,8;153,12
2/13/25;24;3611,3;139,14
2/14/25;1;3608,1;139,99
2/14/25;2;3985;134,87
2/14/25;3;3915,1;130,24
2/14/25;4;3842;130,22
2/14/25;5;4140,8;130,97
2/14/25;6;4476,2;140,56
2/14/25;7;4301,9;163,93
2/14/25;8;3597,7;244,26
2/14/25;9;4271,5;270,28
2/14/25;10;4709,8;214,12
2/14/25;11;4848,1;147,14
2/14/25;12;4616,3;136
2/14/25;13;4551,1;125
2/14/25;14;4521,6;125
2/14/25;15;4542,9;158,12
2/14/25;16;4405,3;177,49
2/14/25;17;4316,7;208,4
2/14/25;18;4332,2;309,86
2/14/25;19;4223,2;298,18
2/14/25;20;4228;227,09
2/14/25;21;4278,3;183,55
2/14/25;22;3841,8;163,79
2/14/25;23;3523,3;153
2/14/25;24;3465,8;140,03
2/15/25;1;3219;136,08
2/15/25;2;3903;131,1
2/15/25;3;4121,4;120,54
2/15/25;4;4038,1;119,22
2/15/25;5;4074,5;119,57
2/15/25;6;4324,7;121,45
2/15/25;7;4476,8;135,31
2/15/25;8;4447,8;149,9
2/15/25;9;3567,9;150
2/15/25;10;4171,5;137,08
2/15/25;11;4506,8;124,59
2/15/25;12;4516,7;118,36
2/15/25;13;4272;112,39
2/15/25;14;3744,9;110,01
2/15/25;15;3014;116,7
2/15/25;16;3843,5;130,39
2/15/25;17;3423,6;160,53
2/15/25;18;3464,6;182,14
2/15/25;19;3453,3;178,85
2/15/25;20;3515,7;178,86
2/15/25;21;3307,3;178,86
2/15/25;22;3545;160,53
2/15/25;23;3373,2;144,86
2/15/25;24;3274,4;136,03
2/16/25;1;3351,6;134,11
2/16/25;2;3704,7;128,9
2/16/25;3;3709,6;123,57
2/16/25;4;3568,8;119,9
2/16/25;5;3476,4;119,57
2/16/25;6;3200,9;121,1
2/16/25;7;3504;125
2/16/25;8;3334,7;136
2/16/25;9;3627,3;146,02
2/16/25;10;4076,3;144
2/16/25;11;3568,3;131,6
2/16/25;12;3705,7;130,29
2/16/25;13;3722,6;128,16
2/16/25;14;3560,7;126,49
2/16/25;15;3489,8;129,69
2/16/25;16;3772;143,64
2/16/25;17;4114,5;167,55
2/16/25;18;3971,8;178,85
2/16/25;19;3813,2;178,85
2/16/25;20;3488,3;178,86
2/16/25;21;3439,4;178,85
2/16/25;22;3616,4;165,31
2/16/25;23;3928,5;152,73
2/16/25;24;3918,1;131,51
2/17/25;1;4032,5;133,74
2/17/25;2;4206,3;121,06
2/17/25;3;4077;120,34
2/17/25;4;3931,9;126,26
2/17/25;5;4274,2;129,92
2/17/25;6;4254,3;146
2/17/25;7;4417,9;176,98
2/17/25;8;4068,9;209,27
2/17/25;9;4598,4;209,79
2/17/25;10;4660,4;171,3
2/17/25;11;4371,6;139,67
2/17/25;12;4529,2;133,64
2/17/25;13;4500,7;129
2/17/25;14;4554,7;121,78
2/17/25;15;4426,8;124,22
2/17/25;16;4111,6;149,9
2/17/25;17;3946,1;176,87
2/17/25;18;3678,3;224,35
2/17/25;19;3605,4;269,42
2/17/25;20;3272,1;216,86
2/17/25;21;3113,4;179,47
2/17/25;22;3901,2;165,32
2/17/25;23;3597,1;161,88
2/17/25;24;3459,1;147,26
2/18/25;1;3187,7;136
2/18/25;2;3696,5;133,53
2/18/25;3;3594,3;125,45
2/18/25;4;3475,4;124,92
2/18/25;5;3622,3;130,87
2/18/25;6;4142,9;160,82
2/18/25;7;3677,8;230
2/18/25;8;3883,7;359,81
2/18/25;9;3649,7;193,8
2/18/25;10;4354,6;166,57
2/18/25;11;4194,9;147,46
2/18/25;12;4060,7;140
2/18/25;13;4055;140
2/18/25;14;4134;157,03
2/18/25;15;4107,7;161,57
2/18/25;16;4333,4;177,7
2/18/25;17;3861,9;402,06
2/18/25;18;3672,2;298,61
2/18/25;19;3600;315,75
2/18/25;20;3353,3;280,28
2/18/25;21;3328,3;189,77
2/18/25;22;3553,2;178,86
2/18/25;23;3832,8;178,85
2/18/25;24;4113,2;144
2/19/25;1;3572,4;138,36
2/19/25;2;3417,5;135,54
2/19/25;3;3317;132,9
2/19/25;4;3347,7;131,89
2/19/25;5;3595,1;133,11
2/19/25;6;4252,7;146,82
2/19/25;7;3987,9;178,85
2/19/25;8;4118,5;216,93
2/19/25;9;4307,5;178,85
2/19/25;10;4400,5;157,92
2/19/25;11;4495,3;114,69
2/19/25;12;4409,8;117,27
2/19/25;13;4427,9;108,5
2/19/25;14;4216,3;108,95
2/19/25;15;4260,6;124,99
2/19/25;16;4347,1;149,89
2/19/25;17;4336,5;196
2/19/25;18;4048,9;274,31
2/19/25;19;4056,9;282,28
2/19/25;20;4002,7;225,73
2/19/25;21;4028;193,96
2/19/25;22;4122,9;182,69
2/19/25;23;3855,1;178,85
2/19/25;24;3950;170,57
2/20/25;1;3624,5;137,08
2/20/25;2;3469,4;127,24
2/20/25;3;3413,8;119,87
2/20/25;4;3449,2;115,46
2/20/25;5;3746,5;130,19
2/20/25;6;4181,4;153,52
2/20/25;7;3813,7;213,97
2/20/25;8;4837,9;305,21
2/20/25;9;5086,6;177,67
2/20/25;10;4639,6;119,85
2/20/25;11;4055,6;104,47
2/20/25;12;4041,7;90,28
2/20/25;13;4048,1;91,58
2/20/25;14;4074,9;97,58
2/20/25;15;3946,5;108,57
2/20/25;16;4214,7;147,89
2/20/25;17;4545,1;226,45
2/20/25;18;4384,8;314,97
2/20/25;19;3740,7;371,79
2/20/25;20;3574,8;316,72
2/20/25;21;3708,9;190,67
2/20/25;22;3851,5;180,1
2/20/25;23;4269;177,01
2/20/25;24;3978,2;146,13
2/21/25;1;3877,5;136,78
2/21/25;2;3744,2;133,13
2/21/25;3;4213,5;119,37
2/21/25;4;4124,4;120,76
2/21/25;5;3946,4;125,45
2/21/25;6;4342,4;141,76
2/21/25;7;3892,4;183,21
2/21/25;8;4662,8;178,86
2/21/25;9;4907,2;149,42
2/21/25;10;4774,9;127,77
2/21/25;11;4734,9;102,9
2/21/25;12;4635,5;87
2/21/25;13;4560,1;79,8
2/21/25;14;4534,9;78,94
2/21/25;15;4840,7;98,77
2/21/25;16;4003;137,62
2/21/25;17;4053,2;178,85
2/21/25;18;3888,7;230,76
2/21/25;19;3999,4;238,99
2/21/25;20;3390,1;239,59
2/21/25;21;3584,4;185,2
2/21/25;22;3804,2;178,86
2/21/25;23;4355,3;149,86
2/21/25;24;4283,4;135
2/22/25;1;3863;139,84
2/22/25;2;3641,2;132,66
2/22/25;3;3516,7;128,74
2/22/25;4;3891,4;122,58
2/22/25;5;3818,8;125,6
2/22/25;6;3926,3;132
2/22/25;7;4275,6;158,57
2/22/25;8;4411,7;145,01
2/22/25;9;4387,2;101,96
2/22/25;10;4537,6;70,06
2/22/25;11;4757,9;57,6
2/22/25;12;4687,7;54,63
2/22/25;13;4717,8;50,11
2/22/25;14;4810,3;55,41
2/22/25;15;5079,1;68,2
2/22/25;16;3943,9;128,74
2/22/25;17;3541,1;192,13
2/22/25;18;3434;260,79
2/22/25;19;3276;250,18
2/22/25;20;3205,1;243,13
2/22/25;21;3296,9;207,1
2/22/25;22;3266,1;182,68
2/22/25;23;3365,4;178,86
2/22/25;24;4065,7;168,2
2/23/25;1;3645,9;138,56
2/23/25;2;4004,1;140,82
2/23/25;3;3852;129,01
2/23/25;4;3989,9;128,68
2/23/25;5;3660,4;129
2/23/25;6;3992,2;135,92
2/23/25;7;4014,2;140,82
2/23/25;8;4091,9;136,82
2/23/25;9;4906,6;117,5
2/23/25;10;5491,9;101,91
2/23/25;11;5459,4;86,74
2/23/25;12;5351,8;88,34
2/23/25;13;5280,5;74,78
2/23/25;14;5240,2;74,15
2/23/25;15;5281,4;103,94
2/23/25;16;4171,1;138,72
2/23/25;17;3606,5;178,86
2/23/25;18;3622,8;256,12
2/23/25;19;3350,7;232,7
2/23/25;20;3329,2;244,86
2/23/25;21;3355,1;186,15
2/23/25;22;3647,8;178,86
2/23/25;23;4103;162,61
2/23/25;24;3862,6;134,11
2/24/25;1;3546,2;140
2/24/25;2;3435,3;124,13
2/24/25;3;3925;120
2/24/25;4;3846,2;120,1
2/24/25;5;3716,4;122,21
2/24/25;6;4055,7;171,4
2/24/25;7;3705,1;243,08
2/24/25;8;3834,3;284,79
2/24/25;9;4630,2;186,74
2/24/25;10;4818;178,86
2/24/25;11;4994;152,84
2/24/25;12;4801,2;143,54
2/24/25;13;4536,7;137,32
2/24/25;14;4227,5;138,98
2/24/25;15;4490,7;161,57
2/24/25;16;3958,1;215,47
2/24/25;17;3645,2;284,08
2/24/25;18;3982,5;369,64
2/24/25;19;4103;400
2/24/25;20;3649,2;357,57
2/24/25;21;3720,2;236,63
2/24/25;22;3503,6;200,91
2/24/25;23;3932,7;178,85
2/24/25;24;3813,2;141,26
2/25/25;1;3472;157,16
2/25/25;2;3303,1;138,72
2/25/25;3;3265,5;133
2/25/25;4;3269,3;131,94
2/25/25;5;3536,7;135,29
2/25/25;6;3848,9;158,68
2/25/25;7;3200,2;262,67
2/25/25;8;4519,1;362,04
2/25/25;9;4049,2;178,86
2/25/25;10;4069,5;155,42
2/25/25;11;4189,2;142,38
2/25/25;12;3612,6;128,53
2/25/25;13;3874;127
2/25/25;14;3872,1;129
2/25/25;15;4235,4;138,21
2/25/25;16;4406,9;152,85
2/25/25;17;3702,6;266,64
2/25/25;18;3563,3;419,35
2/25/25;19;3650,5;471,56
2/25/25;20;3257;438,63
2/25/25;21;3373,2;287,88
2/25/25;22;3590,2;178,86
2/25/25;23;3865,8;163,3
2/25/25;24;3633,7;134,92
2/26/25;1;4043;124,45
2/26/25;2;4468,8;122,13
2/26/25;3;4231,8;118,62
2/26/25;4;4193,6;118,14
2/26/25;5;4496,7;118,52
2/26/25;6;4445,9;131,34
2/26/25;7;4055;185,39
2/26/25;8;4250,2;218,58
2/26/25;9;3919,4;178,85
2/26/25;10;3748,8;158,36
2/26/25;11;4091,7;144,5
2/26/25;12;4078,2;131,76
2/26/25;13;3932,6;121,09
2/26/25;14;3620,8;121,76
2/26/25;15;3226,6;129
2/26/25;16;3415,6;150,17
2/26/25;17;3580,8;184,06
2/26/25;18;3750,4;233,07
2/26/25;19;3819;217,27
2/26/25;20;4064,4;192,12
2/26/25;21;3980,1;178,86
2/26/25;22;4235,7;153,73
2/26/25;23;4132,7;137,68
2/26/25;24;4222,3;122,29
2/27/25;1;4288,8;114,59
2/27/25;2;4309,5;103,81
2/27/25;3;4307,6;102,65
2/27/25;4;4313,4;101,44
2/27/25;5;4422,9;101,47
2/27/25;6;4289,6;114,52
2/27/25;7;3978,1;157,45
2/27/25;8;4429,1;164,16
2/27/25;9;4148,4;168,16
2/27/25;10;3597,8;151,99
2/27/25;11;3590,2;136,2
2/27/25;12;3371,7;132,59
2/27/25;13;3279,2;126
2/27/25;14;3728,3;117,79
2/27/25;15;3706,9;121,13
2/27/25;16;3486,8;137,95
2/27/25;17;3322,2;178,85
2/27/25;18;3359,4;178,86
2/27/25;19;3332,9;185,44
2/27/25;20;3508,2;178,86
2/27/25;21;3874;178,86
2/27/25;22;4043,2;145,82
2/27/25;23;3573,7;139,57
2/27/25;24;3895,7;114,83
2/28/25;1;3989,3;126,01
2/28/25;2;4236,4;110,54
2/28/25;3;4142,6;109,38
2/28/25;4;4124,2;107,05
2/28/25;5;4113,2;112,54
2/28/25;6;4131,4;132,81
2/28/25;7;3936,3;169,49
2/28/25;8;3438,7;213,93
2/28/25;9;3698,2;161,78
2/28/25;10;3865,4;147,04
2/28/25;11;3546,1;129,13
2/28/25;12;3533;117,35
2/28/25;13;3508,1;110,1
2/28/25;14;3246,5;109,66
2/28/25;15;3135,2;112,33
2/28/25;16;3286,3;126,49
2/28/25;17;3813,8;180,19
2/28/25;18;3089,5;223,93
2/28/25;19;3326,9;229,58
2/28/25;20;3013,3;233,93
2/28/25;21;2997,4;218,93
2/28/25;22;3288,4;178,85
2/28/25;23;3500,3;147,65
2/28/25;24;3487,7;129,17
3/1/25;1;3030,4;129,24
3/1/25;2;3545,9;120,69
3/1/25;3;3528,5;117,25
3/1/25;4;3562,1;112,95
3/1/25;5;3621,5;110,32
3/1/25;6;3786,6;115,26
3/1/25;7;3692,6;130,49
3/1/25;8;3532,8;138,87
3/1/25;9;3566,5;139,67
3/1/25;10;3481,3;139,2
3/1/25;11;3399,8;127,09
3/1/25;12;3425,7;114,06
3/1/25;13;3398,3;103,44
3/1/25;14;3310,2;99,32
3/1/25;15;3314,4;102,92
3/1/25;16;3484,7;131,19
3/1/25;17;3141,3;178,86
3/1/25;18;2928,2;243,14
3/1/25;19;2769,4;241,09
3/1/25;20;2923,4;226,34
3/1/25;21;3179;178,86
3/1/25;22;3852;147,05
3/1/25;23;3882,3;125,64
3/1/25;24;3519,9;119,92
3/2/25;1;3174,7;128,22
3/2/25;2;3576,4;130,35
3/2/25;3;3397,9;110,34
3/2/25;4;3312,8;115,49
3/2/25;5;3244,4;128
3/2/25;6;3262,9;133,52
3/2/25;7;3243,8;163,6
3/2/25;8;3516,7;159,09
3/2/25;9;4347,4;120,4
3/2/25;10;4747,4;100,01
3/2/25;11;4881,5;68,3
3/2/25;12;4863,9;49
3/2/25;13;4978,1;27,5
3/2/25;14;4985,6;25,91
3/2/25;15;4496,3;67,5
3/2/25;16;4663,6;74,1
3/2/25;17;3810,6;178,85
3/2/25;18;3164,9;178,86
3/2/25;19;2859,7;178,86
3/2/25;20;3156,3;178,86
3/2/25;21;3536,7;178,86
3/2/25;22;3821,7;177,24
3/2/25;23;3873,5;130,24
3/2/25;24;3325,4;113,46
3/3/25;1;3433,8;113,36
3/3/25;2;3498,3;107,63
3/3/25;3;3264,6;106,26
3/3/25;4;2990,8;102,45
3/3/25;5;2784,6;106
3/3/25;6;3000,6;118,79
3/3/25;7;3767,6;140,26
3/3/25;8;4093;163
3/3/25;9;4356,1;147,69
3/3/25;10;4158,7;108,51
3/3/25;11;3676,8;46,34
3/3/25;12;3825;66,1
3/3/25;13;3935,2;69,99
3/3/25;14;3685,4;49,39
3/3/25;15;3393,2;83,52
3/3/25;16;3501,1;118,71
3/3/25;17;3906,9;151,9
3/3/25;18;3681,2;199,98
3/3/25;19;3715,4;286,21
3/3/25;20;3718,3;198,18
3/3/25;21;3225;178,86
3/3/25;22;3488,8;172,65
3/3/25;23;3456,8;157,02
3/3/25;24;3399,1;151,23
3/4/25;1;3010;127,72
3/4/25;2;3098,4;121,95
3/4/25;3;3106,1;110,34
3/4/25;4;3217,5;107,69
3/4/25;5;3170,2;122,6
3/4/25;6;3543,5;169,85
3/4/25;7;3723,4;191,94
3/4/25;8;4495,7;178,85
3/4/25;9;4595,7;112,52
3/4/25;10;4494,8;69,99
3/4/25;11;4679,6;17,4
3/4/25;12;4649,8;15
3/4/25;13;4641,8;15,33
3/4/25;14;4575,6;26,93
3/4/25;15;3945,4;65,11
3/4/25;16;3227,8;107,87
3/4/25;17;3699,6;169,27
3/4/25;18;3666,9;232,55
3/4/25;19;3965,3;310,84
3/4/25;20;3769,5;231,65
3/4/25;21;3730,3;190,89
3/4/25;22;3829,1;169,3
3/4/25;23;3720;152,13
3/4/25;24;3423,7;141,58
3/5/25;1;2792,5;147,74
3/5/25;2;2679;132,45
3/5/25;3;2728;119,99
3/5/25;4;2727,8;115,61
3/5/25;5;2873,9;133,99
3/5/25;6;3267,8;149,88
3/5/25;7;3090,1;188,31
3/5/25;8;3971,3;150,69
3/5/25;9;4310,3;104,77
3/5/25;10;4516,8;42,51
3/5/25;11;4677;17,39
3/5/25;12;3919,2;9,2
3/5/25;13;3784,6;5
3/5/25;14;3517,1;0,24
3/5/25;15;3155,2;3,43
3/5/25;16;2960,9;71,11
3/5/25;17;2863,4;131,98
3/5/25;18;3240,1;183,62
3/5/25;19;3325,5;272,62
3/5/25;20;3213;208,44
3/5/25;21;2896,3;183,64
3/5/25;22;3485,3;161,71
3/5/25;23;3225,6;135,19
3/5/25;24;2935,6;129,33
3/6/25;1;2788;110,31
3/6/25;2;3049,4;110,35
3/6/25;3;3179,9;108,64
3/6/25;4;3087;110,1
3/6/25;5;3135,2;116,66
3/6/25;6;3367,7;146,01
3/6/25;7;2866,9;193,06
3/6/25;8;3356,8;153,33
3/6/25;9;3750,5;108,5
3/6/25;10;3952,2;79,59
3/6/25;11;4006,9;28,64
3/6/25;12;2818,7;5,1
3/6/25;13;2832,3;1,23
3/6/25;14;3204,6;0,57
3/6/25;15;3229,5;13,16
3/6/25;16;2723,6;73,46
3/6/25;17;2585,1;121,21
3/6/25;18;2775,5;220,01
3/6/25;19;3052,5;270
3/6/25;20;3149,7;259,43
3/6/25;21;2626,2;221,8
3/6/25;22;2655,6;162,55
3/6/25;23;2597,9;161,8
3/6/25;24;3049,7;128,4
3/7/25;1;3071,9;109,86
3/7/25;2;3773,5;108,5
3/7/25;3;3491,4;101,95
3/7/25;4;3396;103,78
3/7/25;5;3200,4;107,42
3/7/25;6;3429,8;129,92
3/7/25;7;2939,4;153,3
3/7/25;8;3504,2;151,28
3/7/25;9;4195,7;120,04
3/7/25;10;4133,2;30,65
3/7/25;11;3904,7;14,04
3/7/25;12;3830;12,27
3/7/25;13;3817,4;12,79
3/7/25;14;2935,9;8,02
3/7/25;15;3264,1;38,15
3/7/25;16;2627,9;94,72
3/7/25;17;2572,1;133,66
3/7/25;18;2734,9;163,1
3/7/25;19;2994,4;229,94
3/7/25;20;2704,1;197,89
3/7/25;21;2700,9;165,89
3/7/25;22;3259,2;138,63
3/7/25;23;2922,6;131,17
3/7/25;24;2807,1;128,95
3/8/25;1;2573,1;135,7
3/8/25;2;3153;129,17
3/8/25;3;2796,5;130,89
3/8/25;4;2846,6;127,6
3/8/25;5;2705,3;130,07
3/8/25;6;2594,8;140,96
3/8/25;7;2455,8;134,04
3/8/25;8;2871,6;123,29
3/8/25;9;3702,4;98,04
3/8/25;10;4037,3;28,86
3/8/25;11;3864,7;12,88
3/8/25;12;2988,1;2,21
3/8/25;13;2976;0,52
3/8/25;14;3549,3;0
3/8/25;15;3732,3;0,07
3/8/25;16;3244,5;59,29
3/8/25;17;3110,8;123,55
3/8/25;18;2864,2;168,73
3/8/25;19;2605,6;220,88
3/8/25;20;2958,6;217,73
3/8/25;21;3089,5;179,86
3/8/25;22;3292,9;168,33
3/8/25;23;3090,1;158,17
3/8/25;24;3424,7;122,2
3/9/25;1;3478,3;112,6
3/9/25;2;3662,9;110,35
3/9/25;3;3533,5;106,96
3/9/25;4;3463,4;107,07
3/9/25;5;3464,5;110,35
3/9/25;6;3072,8;112,21
3/9/25;7;2989,2;108,53
3/9/25;8;2737,7;96,98
3/9/25;9;3654;12,79
3/9/25;10;3696;7,65
3/9/25;11;3587,1;7,64
3/9/25;12;3234,4;0,04
3/9/25;13;3067;0,04
3/9/25;14;3127,4;-0,69
3/9/25;15;2776,7;0,6
3/9/25;16;3260;17,39
3/9/25;17;3606,8;104,06
3/9/25;18;4054,1;146,11
3/9/25;19;3520,2;153,29
3/9/25;20;3431,4;153,3
3/9/25;21;3840,8;143,89
3/9/25;22;3875,5;134,59
3/9/25;23;3834,9;116,92
3/9/25;24;3607,1;111,67
3/10/25;1;3834;99,71
3/10/25;2;3805,9;99,04
3/10/25;3;3775,4;98,99
3/10/25;4;3788,4;99,04
3/10/25;5;3787;102,68
3/10/25;6;3791,7;116,61
3/10/25;7;3541,4;154,66
3/10/25;8;3104,3;158,87
3/10/25;9;4066;106,88
3/10/25;10;4166,6;35,35
3/10/25;11;3972,4;34,6
3/10/25;12;3948,8;15
3/10/25;13;3965,8;15,98
3/10/25;14;3999,6;39,54
3/10/25;15;3977,6;75,91
3/10/25;16;2907,5;99,81
3/10/25;17;2686,9;131,26
3/10/25;18;3131,3;146,11
3/10/25;19;3659;174,8
3/10/25;20;3674,8;159,42
3/10/25;21;3353,7;141,3
3/10/25;22;3220,4;127,91
3/10/25;23;3060,6;107,54
3/10/25;24;2641,8;98,5
3/11/25;1;2963,8;105,59
3/11/25;2;3358,3;103,1
3/11/25;3;3270,1;100,42
3/11/25;4;3248,3;101,5
3/11/25;5;3359,6;104,31
3/11/25;6;3520;112,55
3/11/25;7;2981,4;143,09
3/11/25;8;3722,5;148,61
3/11/25;9;4226,4;144,6
3/11/25;10;4109,2;35,35
3/11/25;11;3973,7;14,8
3/11/25;12;3964;12,78
3/11/25;13;3962,3;13,09
3/11/25;14;3925,7;35,34
3/11/25;15;4024;103,96
3/11/25;16;3743,9;115,11
3/11/25;17;3551,1;137,69
3/11/25;18;3933;162,56
3/11/25;19;4013,7;194,65
3/11/25;20;3902,1;178,18
3/11/25;21;3743,4;148,24
3/11/25;22;3414,5;133,9
3/11/25;23;2965,9;122,49
3/11/25;24;2824,5;107,49
3/12/25;1;3049,2;101,97
3/12/25;2;2996,3;100,53
3/12/25;3;3079,7;98,04
3/12/25;4;3058,3;98,03
3/12/25;5;3025,8;103,14
3/12/25;6;2735,4;112,62
3/12/25;7;2666;139,63
3/12/25;8;3465,5;155,6
3/12/25;9;3724,2;145,98
3/12/25;10;3831,9;125
3/12/25;11;4000;102,08
3/12/25;12;3999,4;99,56
3/12/25;13;3985,3;98,06
3/12/25;14;3803;99,57
3/12/25;15;3588,8;101,67
3/12/25;16;3481,3;118,85
3/12/25;17;3207,5;137,36
3/12/25;18;4005,6;151,28
3/12/25;19;4137,7;192,59
3/12/25;20;3999,2;177,87
3/12/25;21;3665,5;140,61
3/12/25;22;3481,2;132,2
3/12/25;23;3259,4;120
3/12/25;24;3334,5;109,91
3/13/25;1;3451,2;107,91
3/13/25;2;3340,5;88,56
3/13/25;3;3502,1;74,18
3/13/25;4;3229,7;76
3/13/25;5;3018,6;88,15
3/13/25;6;3047,7;105,89
3/13/25;7;3044,3;133,03
3/13/25;8;3111,9;99,64
3/13/25;9;3815,8;35,34
3/13/25;10;3557,6;8,43
3/13/25;11;3174;0,04
3/13/25;12;3168,6;0,04
3/13/25;13;3400,5;0,04
3/13/25;14;3395,7;0,2
3/13/25;15;3463,5;12,79
3/13/25;16;3383,9;100,26
3/13/25;17;2845,9;122,3
3/13/25;18;3039,9;142,18
3/13/25;19;3726,8;166,05
3/13/25;20;3878,8;173,47
3/13/25;21;3568,4;149
3/13/25;22;3027,3;135,69
3/13/25;23;2791,9;115,67
3/13/25;24;2784,9;107,34
3/14/25;1;2573,5;109,09
3/14/25;2;2791,6;106
3/14/25;3;2801,3;105,9
3/14/25;4;3043,4;103,83
3/14/25;5;3279,8;105,3
3/14/25;6;3451,6;114,12
3/14/25;7;3101,4;143,07
3/14/25;8;3254,4;143,97
3/14/25;9;3541,7;35,34
3/14/25;10;3951,5;25,91
3/14/25;11;3825,3;12,78
3/14/25;12;3647,1;7,87
3/14/25;13;3822,9;8,43
3/14/25;14;3846,2;12,79
3/14/25;15;3995,2;35,35
3/14/25;16;3278,4;110,32
3/14/25;17;3196,4;126,7
3/14/25;18;3023,6;143
3/14/25;19;3694,2;152,92
3/14/25;20;3712,8;140
3/14/25;21;3217,5;130,01
3/14/25;22;2790,5;111,39
3/14/25;23;3026,2;114
3/14/25;24;2701,6;105,17
3/15/25;1;2750,4;112,15
3/15/25;2;2806,9;103,14
3/15/25;3;2843,1;96
3/15/25;4;2872,7;89,9
3/15/25;5;2771,7;86,9
3/15/25;6;2641,8;90,55
3/15/25;7;2666,2;97,01
3/15/25;8;2985,5;99,42
3/15/25;9;3440,2;24,9
3/15/25;10;3499,9;15,02
3/15/25;11;3390,5;8
3/15/25;12;3151,1;1,5
3/15/25;13;3385,4;5
3/15/25;14;3452,1;12,26
3/15/25;15;3496,1;39,41
3/15/25;16;2720,9;72,58
3/15/25;17;2558,5;86,79
3/15/25;18;2653,7;132,49
3/15/25;19;2941,1;145,1
3/15/25;20;3061,7;132,96
3/15/25;21;2824,8;121,46
3/15/25;22;2504,1;108,5
3/15/25;23;2752,6;105,02
3/15/25;24;2674,9;95,25
3/16/25;1;2475,1;90,01
3/16/25;2;2955,8;85,79
3/16/25;3;2854,4;79,62
3/16/25;4;2875,8;78,18
3/16/25;5;2956,5;78,6
3/16/25;6;2935,6;80,51
3/16/25;7;2516,1;85,14
3/16/25;8;2922,8;82,07
3/16/25;9;3440,8;77,95
3/16/25;10;3495,5;25
3/16/25;11;3311,3;12,78
3/16/25;12;3174,3;11,13
3/16/25;13;2556,3;6,99
3/16/25;14;2125;4,45
3/16/25;15;2141,6;8,5
3/16/25;16;2352,4;31
3/16/25;17;2852,9;72,75
3/16/25;18;3079,2;127,67
3/16/25;19;2721,7;137,94
3/16/25;20;2471,5;140
3/16/25;21;3301,1;126,12
3/16/25;22;3789,1;108,64
3/16/25;23;3432,5;101,81
3/16/25;24;3277,4;81,61
3/17/25;1;3261,5;81,71
3/17/25;2;3045,7;82,1
3/17/25;3;2931,8;80,35
3/17/25;4;2860,2;80,91
3/17/25;5;2925,3;85,85
3/17/25;6;3182,4;103,3
3/17/25;7;2548,2;135,18
3/17/25;8;3402,9;152,87
3/17/25;9;3461,7;136,36
3/17/25;10;3436,4;105,77
3/17/25;11;3503,9;82,54
3/17/25;12;3410,2;74,45
3/17/25;13;3222,1;64,04
3/17/25;14;3190,2;43,68
3/17/25;15;3162,4;50,28
3/17/25;16;2945,7;71,05
3/17/25;17;3174,4;104,6
3/17/25;18;3079,8;151,29
3/17/25;19;3308,9;171,58
3/17/25;20;2617,5;170
3/17/25;21;3018,8;141,5
3/17/25;22;2885,9;119,51
3/17/25;23;2955,2;108,33
3/17/25;24;2672,5;93,5
3/18/25;1;2544,1;92,2
3/18/25;2;2615,4;89,99
3/18/25;3;2609,3;91,35
3/18/25;4;2700,9;86,94
3/18/25;5;2921,2;88,26
3/18/25;6;2854,4;110,89
3/18/25;7;3141,5;139,23
3/18/25;8;3475,2;136,68
3/18/25;9;3414;97,48
3/18/25;10;3687,3;67,02
3/18/25;11;4306,7;30,54
3/18/25;12;4889,9;12,77
3/18/25;13;4821,5;7,64
3/18/25;14;4725,8;14,32
3/18/25;15;4736,4;14,32
3/18/25;16;3932,9;67,28
3/18/25;17;3452,9;106,54
3/18/25;18;3897,9;149,27
3/18/25;19;3624,4;172,19
3/18/25;20;3536,2;165,89
3/18/25;21;3526,5;144,24
3/18/25;22;3467,5;124,52
3/18/25;23;3188,2;118,32
3/18/25;24;3080,6;104,38
3/19/25;1;2853,3;110,09
3/19/25;2;2717,4;105,83
3/19/25;3;2711,7;104,13
3/19/25;4;2745,5;103,58
3/19/25;5;2901,9;108,48
3/19/25;6;3161,9;126,49
3/19/25;7;3198,7;162,35
3/19/25;8;4225,9;131,53
3/19/25;9;4518,9;57,93
3/19/25;10;3845;12,78
3/19/25;11;3360,7;8,44
3/19/25;12;3049;1,42
3/19/25;13;3880,7;0,04
3/19/25;14;3167,1;1,15
3/19/25;15;3231,7;3,64
3/19/25;16;2761,4;67,7
3/19/25;17;3137,1;133,47
3/19/25;18;2854;184,4
3/19/25;19;3205,1;280,93
3/19/25;20;2728,4;256
3/19/25;21;2639,5;214,65
3/19/25;22;3228,8;153,29
3/19/25;23;3219,8;134,18
3/19/25;24;3525;117,77
3/20/25;1;3471,1;126,96
3/20/25;2;3478,2;112,83
3/20/25;3;3357,1;105,33
3/20/25;4;3372,5;105,99
3/20/25;5;3496,6;120,4
3/20/25;6;3255,7;134,33
3/20/25;7;3271,9;152,94
3/20/25;8;3838,7;143,43
3/20/25;9;3992,5;90,01
3/20/25;10;4132,1;45
3/20/25;11;3877,8;12,78
3/20/25;12;3200,3;3,42
3/20/25;13;3337;0,43
3/20/25;14;3678,5;0,65
3/20/25;15;3394;17,28
3/20/25;16;3213,8;82,32
3/20/25;17;2845,6;124,82
3/20/25;18;2888,3;184,84
3/20/25;19;2712,9;326,71
3/20/25;20;2915;287,54
3/20/25;21;3046,9;185,02
3/20/25;22;3555,6;153,29
3/20/25;23;3535,4;135
3/20/25;24;3215;126,4
3/21/25;1;2795,9;130,52
3/21/25;2;3098,1;120,49
3/21/25;3;2948,3;117,35
3/21/25;4;2914,4;114,81
3/21/25;5;2934,1;118,58
3/21/25;6;2922,1;140,94
3/21/25;7;2696,9;168,29
3/21/25;8;4036,2;145
3/21/25;9;3776,4;101,16
3/21/25;10;3879,2;30,22
3/21/25;11;3519,7;12,77
3/21/25;12;3038,5;7
3/21/25;13;2998,6;1,55
3/21/25;14;3143,2;0,2
3/21/25;15;3145,6;5,98
3/21/25;16;3150,5;59,73
3/21/25;17;2590,3;120,98
3/21/25;18;2497,7;153,3
3/21/25;19;2519;225,21
3/21/25;20;2808,9;189,14
3/21/25;21;2665,3;160,32
3/21/25;22;3362,5;148,18
3/21/25;23;3300;135,85
3/21/25;24;3623,1;125,15
3/22/25;1;3697,6;101,2
3/22/25;2;3636,3;91,07
3/22/25;3;3611,5;99,05
3/22/25;4;3503,8;97,45
3/22/25;5;3537,4;100,51
3/22/25;6;3494,2;104,91
3/22/25;7;3589,8;88,41
3/22/25;8;2884,6;69,32
3/22/25;9;3210,7;54,62
3/22/25;10;3394,9;45,39
3/22/25;11;3538,4;20
3/22/25;12;3312,2;12,78
3/22/25;13;3278,8;13,03
3/22/25;14;3366,9;39,6
3/22/25;15;2997,9;52,84
3/22/25;16;2740,4;80
3/22/25;17;2880,5;122,41
3/22/25;18;3388,5;126,77
3/22/25;19;2541,3;131,15
3/22/25;20;2541;128,5
3/22/25;21;3367,9;122,8
3/22/25;22;3515,6;79,57
3/22/25;23;3785,5;74,85
3/22/25;24;3846;60,66
3/23/25;1;3901,6;33,3
3/23/25;2;3799,5;34,08
3/23/25;3;3744,4;42,12
3/23/25;4;3722,1;40,93
3/23/25;5;3773,1;40,67
3/23/25;6;3710,9;40,44
3/23/25;7;3350,9;41,65
3/23/25;8;2850,1;34,49
3/23/25;9;2645,9;12,71
3/23/25;10;3021,7;13,62
3/23/25;11;2963,6;13,78
3/23/25;12;3124,4;9,6
3/23/25;13;3018,9;13,49
3/23/25;14;3411,1;5,01
3/23/25;15;3752,4;11,46
3/23/25;16;3713,9;43,08
3/23/25;17;3566,7;88,57
3/23/25;18;2450,3;127,74
3/23/25;19;2277,3;143,92
3/23/25;20;2267,6;143,58
3/23/25;21;2358,2;129,75
3/23/25;22;2670,4;128,9
3/23/25;23;2674,2;126,66
3/23/25;24;2256,9;114,24
3/24/25;1;2427,9;97,54
3/24/25;2;2377,8;104,28
3/24/25;3;2500,3;100,36
3/24/25;4;2409,6;98,97
3/24/25;5;2435,9;102,23
3/24/25;6;2421,1;120,34
3/24/25;7;3120,5;142,45
3/24/25;8;3347,3;164,33
3/24/25;9;3602,2;162,31
3/24/25;10;3475,4;135,77
3/24/25;11;2902,2;111,48
3/24/25;12;2709,2;109,59
3/24/25;13;2851;104,45
3/24/25;14;2520;106,94
3/24/25;15;2635;115,14
3/24/25;16;2693,3;123,77
3/24/25;17;2878,3;135,27
3/24/25;18;3219,7;155,11
3/24/25;19;3440,7;212,52
3/24/25;20;3452,5;193,26
3/24/25;21;3391,5;161,98
3/24/25;22;3103,2;139,4
3/24/25;23;2768,3;126,42
3/24/25;24;2815,9;115,56
3/25/25;1;3083,5;95,99
3/25/25;2;2409,3;102,29
3/25/25;3;2390,7;100,77
3/25/25;4;2418;104,48
3/25/25;5;2547,7;104,11
3/25/25;6;2421,1;109,29
3/25/25;7;3050,1;139,13
3/25/25;8;3500,6;143,29
3/25/25;9;3473,1;138,07
3/25/25;10;2924,4;114,78
3/25/25;11;2542;106,98
3/25/25;12;2588,5;100,34
3/25/25;13;2691,2;94,54
3/25/25;14;2807;95,68
3/25/25;15;2862,9;110,34
3/25/25;16;2854;134,24
3/25/25;17;2426,9;147,63
3/25/25;18;2375,7;175,04
3/25/25;19;2450;188,87
3/25/25;20;2364,9;174,33
3/25/25;21;2313;148,6
3/25/25;22;2249,2;139,93
3/25/25;23;2483,7;127,15
3/25/25;24;2635,3;102,05
3/26/25;1;2293,5;101,02
3/26/25;2;2603,3;98,71
3/26/25;3;2872,8;98,54
3/26/25;4;2817;100,17
3/26/25;5;2718,2;103,19
3/26/25;6;2501,6;112,65
3/26/25;7;2373,8;136,06
3/26/25;8;2723,6;150
3/26/25;9;3070;137,79
3/26/25;10;2547,8;112,03
3/26/25;11;2413,2;100,14
3/26/25;12;2569,1;96,85
3/26/25;13;2544,7;95,05
3/26/25;14;2714,2;85,69
3/26/25;15;2621,2;99,28
3/26/25;16;2529,2;103,78
3/26/25;17;2636,8;121,65
3/26/25;18;2762,3;146,42
3/26/25;19;3079,6;168,38
3/26/25;20;2396,8;173,64
3/26/25;21;2502,4;157,65
3/26/25;22;2770,6;131,93
3/26/25;23;2302,5;124,94
3/26/25;24;2150,6;110,7
3/27/25;1;2543,3;105,16
3/27/25;2;2692,1;99,41
3/27/25;3;2767,7;97,98
3/27/25;4;2694,8;99,28
3/27/25;5;2731,8;98,38
3/27/25;6;2711,7;105,66
3/27/25;7;2570;131,58
3/27/25;8;2973;140,63
3/27/25;9;2927;123,5
3/27/25;10;2406,9;89,92
3/27/25;11;3160;82,98
3/27/25;12;3159,2;45,67
3/27/25;13;3571,2;44,24
3/27/25;14;3506,4;57,15
3/27/25;15;3491,5;100
3/27/25;16;3101,2;105,19
3/27/25;17;3194,3;123,62
3/27/25;18;2509,3;135,25
3/27/25;19;2900,2;200,06
3/27/25;20;3011;204,43
3/27/25;21;3045,2;144,95
3/27/25;22;2983,5;124,97
3/27/25;23;3121,4;113,59
3/27/25;24;2729,3;101,2
3/28/25;1;3202,8;91,36
3/28/25;2;3162,4;79,44
3/28/25;3;3093,1;79,02
3/28/25;4;3160,4;79,59
3/28/25;5;3374,4;80,13
3/28/25;6;3467,4;108,98
3/28/25;7;3173,5;128,68
3/28/25;8;2729,2;122,2
3/28/25;9;2672,8;102,08
3/28/25;10;2985,5;70
3/28/25;11;2700;64,53
3/28/25;12;2813,3;31,55
3/28/25;13;2896,3;46,78
3/28/25;14;2839,7;65,04
3/28/25;15;2889,5;70,03
3/28/25;16;2737,3;104,03
3/28/25;17;2633,5;110,09
3/28/25;18;3090,2;134,72
3/28/25;19;3199,9;166,64
3/28/25;20;2879,9;166,05
3/28/25;21;2642,9;150,99
3/28/25;22;2613,5;127,7
3/28/25;23;2848,5;120,63
3/28/25;24;2575,2;111,45
3/29/25;1;2452,8;104,81
3/29/25;2;2620,7;93,06
3/29/25;3;2493,1;82,44
3/29/25;4;2409,1;82,44
3/29/25;5;2437,7;94,6
3/29/25;6;2219,6;95,18
3/29/25;7;2152,1;20
3/29/25;8;2749,3;90
3/29/25;9;2569,7;85
3/29/25;10;2558,4;80
3/29/25;11;2730,7;86,67
3/29/25;12;2855;90
3/29/25;13;2674,3;86,2
3/29/25;14;2402,3;73,6
3/29/25;15;2105;84,77
3/29/25;16;2199,6;89,94
3/29/25;17;2491;113,97
3/29/25;18;2359,4;128,11
3/29/25;19;2374,1;158,1
3/29/25;20;2386,1;160
3/29/25;21;2470,4;131,99
3/29/25;22;3645,3;108,31
3/29/25;23;3439,8;86,98
3/29/25;24;3216,8;69,58
3/30/25;1;3460,3;46,24
3/30/25;2;3458,7;15,88
3/30/25;4;3521,3;5,09
3/30/25;5;3487,4;1,2
3/30/25;6;3507,2;0,09
3/30/25;7;3525,5;1,23
3/30/25;8;3517;1,31
3/30/25;9;3536,7;1,95
3/30/25;10;3698,6;0,13
3/30/25;11;3715,1;0
3/30/25;12;3865,7;-4,47
3/30/25;13;3811,6;-16,16
3/30/25;14;3746,2;-23,53
3/30/25;15;3707,3;-10,05
3/30/25;16;3625,1;-0,8
3/30/25;17;3681,9;0
3/30/25;18;3592;47,59
3/30/25;19;3151,6;156,96
3/30/25;20;3110,8;225,59
3/30/25;21;3286,7;190
3/30/25;22;3662,7;127,74
3/30/25;23;3704,9;90,41
3/30/25;24;3454,2;116,53
3/31/25;1;3363,3;73,97
3/31/25;2;3318,1;65,79
3/31/25;3;3364;66,03
3/31/25;4;3374,1;69,94
3/31/25;5;3398,6;73,09
3/31/25;6;3362,2;99,15
3/31/25;7;3287,8;205,45
3/31/25;8;3081,3;241,32
3/31/25;9;3227,8;176,96
3/31/25;10;3228,9;136,96
3/31/25;11;3076,4;113,73
3/31/25;12;3034,9;104,54
3/31/25;13;3032,1;92,13
3/31/25;14;3114,3;85,43
3/31/25;15;3034,3;77,28
3/31/25;16;3138,5;75,11
3/31/25;17;2968,3;94,76
3/31/25;18;2922,2;120,21
3/31/25;19;2588,9;143,96
3/31/25;20;2502,3;235,29
3/31/25;21;2551,9;205,45
3/31/25;22;2681,7;136,58
3/31/25;23;2483,5;116,07
3/31/25;24;2568,4;102,62
4/1/25;1;2129,3;102,41
4/1/25;2;2395,3;96,44
4/1/25;3;2309,8;94,49
4/1/25;4;2168,4;95,8
4/1/25;5;2194,4;93,51
4/1/25;6;2353,7;103,1
4/1/25;7;2547,3;132,16
4/1/25;8;2936,1;176,76
4/1/25;9;2578,6;159,37
4/1/25;10;3048,1;109,88
4/1/25;11;3189,5;89,01
4/1/25;12;3641,5;76,17
4/1/25;13;3708,4;65,13
4/1/25;14;3900;43,53
4/1/25;15;3684,9;47,16
4/1/25;16;3589,9;57,24
4/1/25;17;3729,3;89,33
4/1/25;18;3784,1;110,14
4/1/25;19;3349,6;142,6
4/1/25;20;2876,6;170,97
4/1/25;21;3689,4;153,29
4/1/25;22;3501,9;114,7
4/1/25;23;3635,2;98,06
4/1/25;24;3308,5;80,95
4/2/25;1;3159,6;70,21
4/2/25;2;3084,4;70
4/2/25;3;3104,2;69,94
4/2/25;4;3123,4;71,58
4/2/25;5;3177,9;72,63
4/2/25;6;3363,7;86,19
4/2/25;7;3556,6;120,31
4/2/25;8;3544;154,82
4/2/25;9;3492,1;126,03
4/2/25;10;3807,7;86,14
4/2/25;11;3759,8;65,58
4/2/25;12;3730,3;47,84
4/2/25;13;3986,1;46,34
4/2/25;14;3887,1;44,2
4/2/25;15;3811,1;44,67
4/2/25;16;3121,5;70,32
4/2/25;17;2822;84,45
4/2/25;18;2859,9;108,5
4/2/25;19;2924;117,77
4/2/25;20;2914,6;153,29
4/2/25;21;3548,8;135,12
4/2/25;22;3792,8;108,66
4/2/25;23;3682,9;90,05
4/2/25;24;3370,4;75,22
4/3/25;1;2752,4;73,09
4/3/25;2;2951,4;76,64
4/3/25;3;2771,3;72,26
4/3/25;4;2703,1;72,05
4/3/25;5;2687,1;78,95
4/3/25;6;2665,7;102,82
4/3/25;7;2823,8;141,51
4/3/25;8;2900,1;165,94
4/3/25;9;3307,7;133,3
4/3/25;10;3130,2;79,11
4/3/25;11;3040,9;41,38
4/3/25;12;3860,7;3,1
4/3/25;13;3780,6;0,04
4/3/25;14;3872,2;0,6
4/3/25;15;3859,4;5,11
4/3/25;16;3546,6;8,43
4/3/25;17;3154,3;43,96
4/3/25;18;3492,2;95
4/3/25;19;3379,5;146,51
4/3/25;20;2955,2;195,91
4/3/25;21;2571;185,07
4/3/25;22;3028,1;143,86
4/3/25;23;2935,2;115,56
4/3/25;24;2641,6;106,49
4/4/25;1;2506,1;111,09
4/4/25;2;2648,3;106,13
4/4/25;3;2449;106,69
4/4/25;4;2386,6;106,76
4/4/25;5;2470,8;110,09
4/4/25;6;2742,2;116,21
4/4/25;7;2722,3;157,53
4/4/25;8;2905,8;184,66
4/4/25;9;3400,7;141,75
4/4/25;10;3159,2;96,61
4/4/25;11;3272;65,42
4/4/25;12;3787,2;7,82
4/4/25;13;3914,2;0
4/4/25;14;4019,2;0
4/4/25;15;4047,6;0
4/4/25;16;4083;1,6
4/4/25;17;3378;55
4/4/25;18;2882,2;110,35
4/4/25;19;2888;131,75
4/4/25;20;2793,6;178,74
4/4/25;21;2506,3;169,59
4/4/25;22;2877,7;138,32
4/4/25;23;3019,8;137,16
4/4/25;24;3130,1;112,65
4/5/25;1;2955,1;124,51
4/5/25;2;3152,1;117,36
4/5/25;3;3124,1;110,34
4/5/25;4;3117,2;108,34
4/5/25;5;3130,8;107,94
4/5/25;6;3110,6;108,7
4/5/25;7;2856,2;120,58
4/5/25;8;2565,2;116,55
4/5/25;9;2557,3;102,2
4/5/25;10;2760,7;57,79
4/5/25;11;3251,9;0,66
4/5/25;12;3757;-0,8
4/5/25;13;3567,7;-13,68
4/5/25;14;3590,8;-13,69
4/5/25;15;3550,6;-4,02
4/5/25;16;3626,7;0
4/5/25;17;3379;10,05
4/5/25;18;3265;45,89
4/5/25;19;3157,8;87,33
4/5/25;20;3090,9;158,57
4/5/25;21;2587,5;134,61
4/5/25;22;3474,3;101,33
4/5/25;23;3452,5;78,99
4/5/25;24;3393;68,75
4/6/25;1;3482,8;70,45
4/6/25;2;3236;62,18
4/6/25;3;3016,7;64,25
4/6/25;4;3040,8;70,54
4/6/25;5;3013,7;72,49
4/6/25;6;3056,1;80,34
4/6/25;7;3118,4;79,59
4/6/25;8;2279,9;81,13
4/6/25;9;3161;38,34
4/6/25;10;3237,6;0,1
4/6/25;11;4546,7;0
4/6/25;12;4604,3;0
4/6/25;13;4553;0
4/6/25;14;4518,5;0
4/6/25;15;4480,9;0
4/6/25;16;4301,9;0
4/6/25;17;4034,4;1,12
4/6/25;18;3927,7;75,15
4/6/25;19;2875,5;141,13
4/6/25;20;2882,6;153,3
4/6/25;21;2875,1;144,9
4/6/25;22;3004,2;125,67
4/6/25;23;3242;114,51
4/6/25;24;3173,4;102,15
4/7/25;1;2876,4;89,64
4/7/25;2;2980,7;88,28
4/7/25;3;2892,9;84,66
4/7/25;4;2828,6;86,88
4/7/25;5;3050,4;88,6
4/7/25;6;3420,3;102,06
4/7/25;7;3145,7;132,38
4/7/25;8;2819,5;176,93
4/7/25;9;3072,2;144,41
4/7/25;10;3193,5;108,67
4/7/25;11;3409,9;84,64
4/7/25;12;3960,6;64,81
4/7/25;13;4193,9;44,5
4/7/25;14;4016,2;46,34
4/7/25;15;3950,8;61,1
4/7/25;16;3887,3;77,54
4/7/25;17;3593,6;94,13
4/7/25;18;3524,8;116,7
4/7/25;19;3725,2;166,99
4/7/25;20;3223,1;229,99
4/7/25;21;3371,1;199,38
4/7/25;22;3963,6;153,29
4/7/25;23;4138,8;130,01
4/7/25;24;3758,8;112,57
4/8/25;1;3182,6;95,06
4/8/25;2;3296,3;90,1
4/8/25;3;3076,8;90,91
4/8/25;4;2824,1;92,68
4/8/25;5;2835,1;94,77
4/8/25;6;3361,2;110,59
4/8/25;7;3657,8;153,29
4/8/25;8;3083,5;180,97
4/8/25;9;3914,9;136,77
4/8/25;10;4007,5;91,31
4/8/25;11;4171,8;67,02
4/8/25;12;4046,4;71,33
4/8/25;13;3809,1;47,59
4/8/25;14;3545,2;43,43
4/8/25;15;3213,1;56,46
4/8/25;16;3343;85
4/8/25;17;3193;108,7
4/8/25;18;3673,9;112,85
4/8/25;19;3779,1;197,66
4/8/25;20;3226,5;262,7
4/8/25;21;3181,4;250,43
4/8/25;22;3655,5;153,3
4/8/25;23;4168,8;128,33
4/8/25;24;3715;112,67
4/9/25;1;3450,1;117,95
4/9/25;2;3534,7;112,99
4/9/25;3;3370,9;108,69
4/9/25;4;3297;107,47
4/9/25;5;3437,6;113,57
4/9/25;6;3438,8;129,24
4/9/25;7;3063,4;164,02
4/9/25;8;2952,6;177,5
4/9/25;9;4163;122,51
4/9/25;10;3966,3;93,66
4/9/25;11;3790,9;85,47
4/9/25;12;3546,9;64,38
4/9/25;13;3989,4;15,16
4/9/25;14;3975,4;17,86
4/9/25;15;3735,6;60
4/9/25;16;3307,9;80
4/9/25;17;2841,7;108,69
4/9/25;18;3258,3;138,66
4/9/25;19;3554;210,52
4/9/25;20;3059,2;308
4/9/25;21;3198,5;302,32
4/9/25;22;3596,3;203,13
4/9/25;23;3664,5;175
4/9/25;24;4195,7;119,96
4/10/25;1;3782,7;114,56
4/10/25;2;3892,8;102,26
4/10/25;3;3745,2;98,63
4/10/25;4;3805,7;97,21
4/10/25;5;3916,1;107,37
4/10/25;6;4210,9;122,83
4/10/25;7;3740,9;153,3
4/10/25;8;3202,9;177,67
4/10/25;9;3832,9;138,19
4/10/25;10;4043,8;63,55
4/10/25;11;4360,7;46,34
4/10/25;12;4088,5;37,15
4/10/25;13;3460,1;16,66
4/10/25;14;3914;2,48
4/10/25;15;4316,3;0,09
4/10/25;16;4385,2;2,22
4/10/25;17;4006;68,08
4/10/25;18;4148,9;83
4/10/25;19;4293;117,24
4/10/25;20;3848,9;165,35
4/10/25;21;3830;174,89
4/10/25;22;4615,6;136,67
4/10/25;23;4600,1;115,89
4/10/25;24;4312,3;85,32
4/11/25;1;3936,2;79,33
4/11/25;2;3787,6;75,56
4/11/25;3;3309,7;67,4
4/11/25;4;3417,4;68,43
4/11/25;5;3540,3;76,37
4/11/25;6;4117,4;85,56
4/11/25;7;3875,8;110,93
4/11/25;8;3304,5;112
4/11/25;9;3768,8;70,32
4/11/25;10;4121,4;62,57
4/11/25;11;3696,3;11,29
4/11/25;12;3711,6;0,28
4/11/25;13;4157,5;0
4/11/25;14;4170,6;0
4/11/25;15;4264,3;0
4/11/25;16;4267,4;0,01
4/11/25;17;3691,2;47,06
4/11/25;18;3553,7;95
4/11/25;19;3775,8;150,7
4/11/25;20;3080,4;215,2
4/11/25;21;2782,3;206,31
4/11/25;22;2805,5;171,23
4/11/25;23;3646,5;145,87
4/11/25;24;3415;110,02
4/12/25;1;2713,1;111,15
4/12/25;2;2869,7;107,8
4/12/25;3;2861;104,08
4/12/25;4;2733;102,09
4/12/25;5;2869,9;102,98
4/12/25;6;3205,5;103,88
4/12/25;7;3470,7;111,07
4/12/25;8;3406;106,49
4/12/25;9;2598,4;98,42
4/12/25;10;2440,2;68,98
4/12/25;11;3152,1;20,19
4/12/25;12;4084;0
4/12/25;13;3907,8;-7,94
4/12/25;14;3796,1;-13,46
4/12/25;15;3811;-5,12
4/12/25;16;3812,5;0
4/12/25;17;3703,2;8,44
4/12/25;18;3655;87,15
4/12/25;19;3388,5;121,21
4/12/25;20;2816,1;195,49
4/12/25;21;2488,4;206,96
4/12/25;22;3188,9;153,29
4/12/25;23;3561,1;135,86
4/12/25;24;3607,5;111,64
4/13/25;1;3222,4;106,59
4/13/25;2;3535,8;85
4/13/25;3;3307,6;64,29
4/13/25;4;3274,5;66,39
4/13/25;5;3369,1;66,22
4/13/25;6;3485,9;68,33
4/13/25;7;3355,7;61,3
4/13/25;8;2900,9;27,75
4/13/25;9;2745;13,19
4/13/25;10;2673,5;8,43
4/13/25;11;2835,8;0
4/13/25;12;2980,4;-0,02
4/13/25;13;2953,9;-3,72
4/13/25;14;2919,1;-18,84
4/13/25;15;2958,1;-25,38
4/13/25;16;3061,9;-9,93
4/13/25;17;3007,7;-0,01
4/13/25;18;2991,4;64,84
4/13/25;19;3372,9;108,05
4/13/25;20;3631,4;152,78
4/13/25;21;3698,9;126
4/13/25;22;3328,2;153,3
4/13/25;23;3659,2;106,53
4/13/25;24;3658,6;98,38
4/14/25;1;3536,1;91,7
4/14/25;2;3478,7;86,5
4/14/25;3;3346,8;85,75
4/14/25;4;3280,6;86,09
4/14/25;5;3410;88,89
4/14/25;6;3803,4;107,44
4/14/25;7;3645,8;124,44
4/14/25;8;3008,1;153,49
4/14/25;9;2792,6;144,23
4/14/25;10;2882,3;112,21
4/14/25;11;3130,5;103,48
4/14/25;12;2961,7;101,98
4/14/25;13;3055,1;100,03
4/14/25;14;3417,8;88,11
4/14/25;15;3339,2;80,12
4/14/25;16;3037,2;89,6
4/14/25;17;3034,8;108,01
4/14/25;18;3372,7;112,52
4/14/25;19;3685,7;141,37
4/14/25;20;3471,5;186,41
4/14/25;21;3424,6;172,07
4/14/25;22;3690;114,35
4/14/25;23;3866,5;95,01
4/14/25;24;3852,6;84,11
4/15/25;1;3741,3;83,12
4/15/25;2;3612,5;81,41
4/15/25;3;3610,8;75,17
4/15/25;4;3623,3;73,24
4/15/25;5;3634,2;75,65
4/15/25;6;3769,3;95,27
4/15/25;7;3478;115,3
4/15/25;8;3248,2;125,03
4/15/25;9;3402,5;111,19
4/15/25;10;3138,2;112,33
4/15/25;11;3306;99,29
4/15/25;12;3208,6;95,48
4/15/25;13;2815,3;100,45
4/15/25;14;3180,2;94,76
4/15/25;15;3246,6;94,75
4/15/25;16;3191,6;99,47
4/15/25;17;3242,3;108,69
4/15/25;18;3811,6;108,2
4/15/25;19;3755,3;111,76
4/15/25;20;3698,3;150,77
4/15/25;21;3719,8;153,2
4/15/25;22;3685;116,14
4/15/25;23;3924,2;111,19
4/15/25;24;3742,8;102,23
4/16/25;1;3705,9;91,3
4/16/25;2;3685,2;86,06
4/16/25;3;3689;86,34
4/16/25;4;3648,7;94,76
4/16/25;5;3530,2;99,42
4/16/25;6;3802,3;105,85
4/16/25;7;3706,3;126,9
4/16/25;8;2819,3;135,6
4/16/25;9;2883;109,94
4/16/25;10;3277,3;53,88
4/16/25;11;3038,4;11,2
4/16/25;12;3456,6;3
4/16/25;13;3186,2;0,04
4/16/25;14;3609,4;0
4/16/25;15;3582,4;0,02
4/16/25;16;3074;11,57
4/16/25;17;2995,9;63,49
4/16/25;18;3102,2;96,36
4/16/25;19;3404;118,4
4/16/25;20;3367,8;165,33
4/16/25;21;3282,7;167,99
4/16/25;22;3330,1;122,63
4/16/25;23;3612;110,4
4/16/25;24;3659,2;98,59
4/17/25;1;3450,6;91,55
4/17/25;2;3390,4;86,35
4/17/25;3;3221,8;84,87
4/17/25;4;3138,6;84,06
4/17/25;5;3350,7;85,78
4/17/25;6;3743,1;92,57
4/17/25;7;3134,7;110,75
4/17/25;8;2777,7;123,48
4/17/25;9;3084,8;90,37
4/17/25;10;3603,8;51,64
4/17/25;11;3514,6;27,56
4/17/25;12;3388,7;14,81
4/17/25;13;2865;8,99
4/17/25;14;2793,5;5,11
4/17/25;15;2953,2;12,78
4/17/25;16;2830,1;73,76
4/17/25;17;2707;89,64
4/17/25;18;3077,6;101,89
4/17/25;19;2966,6;115,84
4/17/25;20;3088,9;133,88
4/17/25;21;3313,5;125,47
4/17/25;22;3224;113,95
4/17/25;23;3429,1;98,9
4/17/25;24;3266,9;96,89
4/18/25;1;3154;90,14
4/18/25;2;2977,8;81,53
4/18/25;3;2869,4;78,41
4/18/25;4;2816,6;78
4/18/25;5;2835,1;78,96
4/18/25;6;3348,5;78,41
4/18/25;7;3392,7;80,72
4/18/25;8;2469,9;85,74
4/18/25;9;3041,8;86,99
4/18/25;10;3623,7;46,33
4/18/25;11;3479,6;51,32
4/18/25;12;3565,3;26
4/18/25;13;3669,2;44,43
4/18/25;14;3546,5;37,97
4/18/25;15;3361,8;36,87
4/18/25;16;3153,6;45,2
4/18/25;17;2567,4;80,13
4/18/25;18;2299,1;94,63
4/18/25;19;2817,8;108,69
4/18/25;20;2223;129,59
4/18/25;21;2455,3;139,68
4/18/25;22;2652,4;120,66
4/18/25;23;3258,9;111,51
4/18/25;24;2760,4;104,03
4/19/25;1;2564,5;94
4/19/25;2;2582,6;83,87
4/19/25;3;2398,6;88,45
4/19/25;4;2362,4;86,62
4/19/25;5;2519,9;89,06
4/19/25;6;2467,8;95,5
4/19/25;7;2183,6;100,2
4/19/25;8;2427;96,54
4/19/25;9;2989,3;82,65
4/19/25;10;2944,5;54,69
4/19/25;11;2615,1;15,53
4/19/25;12;2400,4;4,54
4/19/25;13;2342,9;0
4/19/25;14;2246,5;-2,54
4/19/25;15;2270,4;-6,15
4/19/25;16;2527,2;-0,74
4/19/25;17;3191,6;0,2
4/19/25;18;2972,5;69,95
4/19/25;19;3081,7;110,39
4/19/25;20;2948,8;136,79
4/19/25;21;2882,3;173,93
4/19/25;22;3122,3;135,8
4/19/25;23;3120,9;117,5
4/19/25;24;3215,4;100,67
4/20/25;1;3053,2;102,5
4/20/25;2;2914,4;98,48
4/20/25;3;2846,4;96,13
4/20/25;4;2630;99,07
4/20/25;5;2728,6;98,4
4/20/25;6;2679,9;97,53
4/20/25;7;2214,2;98,18
4/20/25;8;2693,6;81,51
4/20/25;9;3070,6;10,43
4/20/25;10;2613,4;1,04
4/20/25;11;2457,7;-1
4/20/25;12;2019,7;-40,05
4/20/25;13;2019,8;-100,46
4/20/25;14;1864,5;-100,02
4/20/25;15;1772,8;-63,41
4/20/25;16;1940,5;-8,6
4/20/25;17;2572,9;0
4/20/25;18;2221,6;65,28
4/20/25;19;2367,6;107,21
4/20/25;20;2575,8;113,73
4/20/25;21;2396,1;139,41
4/20/25;22;2727,7;130,5
4/20/25;23;2636,8;121,52
4/20/25;24;2805,5;111,21
4/21/25;1;2875,9;107,29
4/21/25;2;2739,2;99,58
4/21/25;3;2796,9;95,14
4/21/25;4;2760,7;94,98
4/21/25;5;2639,6;98,54
4/21/25;6;2611,2;97,98
4/21/25;7;2321,9;94,43
4/21/25;8;2645,5;88,1
4/21/25;9;3358,4;12,78
4/21/25;10;3237;8,44
4/21/25;11;2528,6;0,9
4/21/25;12;2167,3;-0,02
4/21/25;13;2113,3;-28,21
4/21/25;14;2088,3;-35,55
4/21/25;15;2148,8;-4,61
4/21/25;16;2393,7;9,34
4/21/25;17;2523,7;45,2
4/21/25;18;2824,9;80
4/21/25;19;2888,5;100,45
4/21/25;20;2346,4;121,13
4/21/25;21;2250,8;139,23
4/21/25;22;2471,1;132,1
4/21/25;23;3033;122,77
4/21/25;24;3143,7;106,5
4/22/25;1;3088,5;97,3
4/22/25;2;3148,4;89,59
4/22/25;3;3005,2;88,34
4/22/25;4;2862,8;85,81
4/22/25;5;3032,3;86,54
4/22/25;6;2896,7;103,46
4/22/25;7;2554,8;123,91
4/22/25;8;2702,8;151,67
4/22/25;9;3434,5;110,82
4/22/25;10;3391,2;92,63
4/22/25;11;3606,4;50,01
4/22/25;12;3582,4;50
4/22/25;13;3577,7;30,4
4/22/25;14;3531,7;50
4/22/25;15;3325,8;71,74
4/22/25;16;2735,4;78,95
4/22/25;17;2429,9;86,08
4/22/25;18;3043,3;108,69
4/22/25;19;3107,7;146
4/22/25;20;2264,1;225,41
4/22/25;21;2790,1;253,12
4/22/25;22;2879,3;154,57
4/22/25;23;3284,9;124,45
4/22/25;24;3280,8;115,56
4/23/25;1;3263,7;110,3
4/23/25;2;3083,4;101,72
4/23/25;3;2838,5;100,13
4/23/25;4;2712,4;100,08
4/23/25;5;2730,9;104,37
4/23/25;6;2609;113,59
4/23/25;7;2461,7;137,45
4/23/25;8;3429;144,7
4/23/25;9;3457,9;110,25
4/23/25;10;3436,1;27,6
4/23/25;11;3402,5;21,7
4/23/25;12;3503,2;16
4/23/25;13;3470,2;19,39
4/23/25;14;3431,8;60
4/23/25;15;3052,4;87,06
4/23/25;16;2716,5;96,01
4/23/25;17;2339,8;102,76
4/23/25;18;2437,2;112
4/23/25;19;2929,5;139,97
4/23/25;20;3099,4;185
4/23/25;21;3161,7;211,97
4/23/25;22;3219,8;127,93
4/23/25;23;3353,5;108,56
4/23/25;24;3444,4;105,49
4/24/25;1;3458,2;98,65
4/24/25;2;3463,4;92,61
4/24/25;3;3296,2;92,5
4/24/25;4;3259,9;89,93
4/24/25;5;3308,3;93,94
4/24/25;6;3255,8;102,13
4/24/25;7;2957,9;111,44
4/24/25;8;2606,2;119,83
4/24/25;9;2947,5;117,76
4/24/25;10;3294,1;102,13
4/24/25;11;3127,4;93,13
4/24/25;12;3218,1;78,04
4/24/25;13;3247,7;76,74
4/24/25;14;3154,2;70,92
4/24/25;15;2981;77,95
4/24/25;16;2749,9;81,15
4/24/25;17;2575,8;86,81
4/24/25;18;2715,3;100
4/24/25;19;2448,8;125,93
4/24/25;20;2482;123,51
4/24/25;21;2390,1;158,33
4/24/25;22;2482,8;114,48
4/24/25;23;2771,6;106,53
4/24/25;24;2991;93,1
4/25/25;1;3162,6;95,63
4/25/25;2;3083,4;84,16
4/25/25;3;3002,5;82,95
4/25/25;4;2946,9;84,68
4/25/25;5;3181,4;86,09
4/25/25;6;3284,8;97,81
4/25/25;7;3078,7;105,5
4/25/25;8;2828,9;113,39
4/25/25;9;3299,2;106,11
4/25/25;10;3484,1;50,03
4/25/25;11;3786,7;42,95
4/25/25;12;3828,5;73,98
4/25/25;13;3750,2;51,29
4/25/25;14;3535,1;50,67
4/25/25;15;3260,7;43,92
4/25/25;16;2916,3;65,54
4/25/25;17;2514;80,46
4/25/25;18;2671,2;85,75
4/25/25;19;2939,4;100,69
4/25/25;20;2358,4;116,68
4/25/25;21;2312,3;123,18
4/25/25;22;2525;109,63
4/25/25;23;2781,5;100,37
4/25/25;24;2866,6;92,09
4/26/25;1;3193,9;108,7
4/26/25;2;3218,5;94,22
4/26/25;3;3084,5;93,49
4/26/25;4;3090;91,85
4/26/25;5;3140,7;91,17
4/26/25;6;3296,2;92,74
4/26/25;7;3146;94,71
4/26/25;8;2632,3;86,92
4/26/25;9;2924;69,76
4/26/25;10;3285,3;34,45
4/26/25;11;3217,7;2,55
4/26/25;12;3225,3;-0,01
4/26/25;13;3206,9;-0,18
4/26/25;14;3246,6;-4,2
4/26/25;15;3351;-6,3
4/26/25;16;3426,5;-1,18
4/26/25;17;3505,6;0,01
4/26/25;18;3745,7;30,99
4/26/25;19;3273,6;79,56
4/26/25;20;2890;111,16
4/26/25;21;2563,4;115,9
4/26/25;22;3194,5;95,53
4/26/25;23;3415,9;86,11
4/26/25;24;3214,4;73,58
4/27/25;1;3335,1;69,51
4/27/25;2;3193,9;61,7
4/27/25;3;2868,4;58
4/27/25;4;2926,5;58,7
4/27/25;5;2868,6;64,39
4/27/25;6;2618;67,27
4/27/25;7;2283,2;66,86
4/27/25;8;2144,7;62,52
4/27/25;9;2632,7;35,05
4/27/25;10;2428,8;0,04
4/27/25;11;3880,9;0
4/27/25;12;4046,1;0,01
4/27/25;13;3957;-1,76
4/27/25;14;3904,6;-5,11
4/27/25;15;3914,9;-0,01
4/27/25;16;3900;0,04
4/27/25;17;4203,6;0,04
4/27/25;18;3198,1;18,35
4/27/25;19;2419,8;93,7
4/27/25;20;2994;110,5
4/27/25;21;3433,7;124,78
4/27/25;22;3299,6;108,76
4/27/25;23;3194,9;99
4/27/25;24;3053,5;93,97
4/28/25;1;2025,3;93,55
4/28/25;2;2215,9;87,96
4/28/25;3;2476,4;83,64
4/28/25;4;2435,9;86,69
4/28/25;5;2317,3;92,21
4/28/25;6;2400,1;100,5
4/28/25;7;3120,6;139,74
4/28/25;8;3507,2;131,09
4/28/25;9;3707;38,31
4/28/25;10;3559,4;12,78
4/28/25;11;3681;8,44
4/28/25;12;3321,9;-0,01
4/28/25;13;3355,2;-3,47
4/28/25;14;3438,5;-5,9
4/28/25;15;3467,5;-6,18
4/28/25;16;3465,1;-1,54
4/28/25;17;2512;2,16
4/28/25;18;2464,5;73,31
4/28/25;19;2740;110,32
4/28/25;20;2955,9;153,46
4/28/25;21;3045,7;198,18
4/28/25;22;2925,2;129,31
4/28/25;23;2584,9;106,13
4/28/25;24;2431,8;97,01
4/29/25;1;2517,5;92,32
4/29/25;2;2676,9;88,35
4/29/25;3;2802,7;83,48
4/29/25;4;2763,9;81,22
4/29/25;5;2621,2;82,35
4/29/25;6;2789,9;91,99
4/29/25;7;3346,9;106,99
4/29/25;8;3700,8;112,96
4/29/25;9;3886,3;12,73
4/29/25;10;3693,3;8,43
4/29/25;11;3594,6;1,51
4/29/25;12;3672,3;0
4/29/25;13;3676;-0,76
4/29/25;14;3686,8;-1,9
4/29/25;15;3697,7;-1
4/29/25;16;2904,7;0
4/29/25;17;3527,6;15
4/29/25;18;3316,6;78,35
4/29/25;19;3296,9;102
4/29/25;20;3696;139,89
4/29/25;21;3659,7;177,38
4/29/25;22;3344,8;130,64
4/29/25;23;2951,1;109,81
4/29/25;24;2577,7;98,76
4/30/25;1;2475,4;95
4/30/25;2;2640,7;90,08
4/30/25;3;2694,2;89,2
4/30/25;4;2789,4;89,75
4/30/25;5;2761,2;93,33
4/30/25;6;2914;97,18
4/30/25;7;3220,4;115
4/30/25;8;3568,6;50,08
4/30/25;9;3922,2;13,63
4/30/25;10;3628,3;8,43
4/30/25;11;3386,1;7,08
4/30/25;12;3522,4;0
4/30/25;13;3508,8;-1
4/30/25;14;3547,3;-6,21
4/30/25;15;3536,1;-3
4/30/25;16;3381;-0,02
4/30/25;17;3362,4;20,29
4/30/25;18;2873,2;80,2
4/30/25;19;2883,4;129,35
4/30/25;20;3422,9;211,24
4/30/25;21;3330,8;238,63
4/30/25;22;3125,7;127,88
4/30/25;23;2961;108,69
4/30/25;24;2696,8;99,62
5/1/25;1;2950,9;99,63
5/1/25;2;3112,4;93,88
5/1/25;3;3161;92,32
5/1/25;4;3196;92,6
5/1/25;5;3253,3;92,63
5/1/25;6;3328,9;85,76
5/1/25;7;3191,4;81,97
5/1/25;8;3252;40
5/1/25;9;3683,4;14,8
5/1/25;10;3072;0
5/1/25;11;3003,1;-3
5/1/25;12;3207,1;-40,1
5/1/25;13;3245,9;-79,2
5/1/25;14;3229,8;-100,59
5/1/25;15;3243,6;-100,63
5/1/25;16;3308,6;-49,99
5/1/25;17;2733,6;-5,17
5/1/25;18;2864,1;37,62
5/1/25;19;3468,4;92,59
5/1/25;20;3518,5;85,95
5/1/25;21;3551,1;82,49
5/1/25;22;3562,2;96,04
5/1/25;23;3479,2;97,1
5/1/25;24;2857,4;86,5
5/2/25;1;2293;88,54
5/2/25;2;2271,3;73,03
5/2/25;3;2264,7;62,83
5/2/25;4;2360,2;62,38
5/2/25;5;2367,3;66,33
5/2/25;6;2407,2;76,6
5/2/25;7;2842;87,84
5/2/25;8;3257,1;79,75
5/2/25;9;3551,7;13,63
5/2/25;10;3551,7;8,44
5/2/25;11;3396,4;0,85
5/2/25;12;3349,5;-0,01
5/2/25;13;3472,5;-0,8
5/2/25;14;3508,3;-3
5/2/25;15;3495,3;-4
5/2/25;16;3417,3;-0,08
5/2/25;17;2766,6;0,3
5/2/25;18;2452,8;69,83
5/2/25;19;2404,4;102,44
5/2/25;20;3009,1;125,54
5/2/25;21;3660,9;148,78
5/2/25;22;3294,1;123,13
5/2/25;23;2434,3;108,69
5/2/25;24;2213,7;98,46
5/3/25;1;2236,7;99,47
5/3/25;2;2123,5;95,16
5/3/25;3;2086,4;93,69
5/3/25;4;2074,3;91,94
5/3/25;5;2040,3;89,72
5/3/25;6;1950,3;89,89
5/3/25;7;2324,3;89
5/3/25;8;3218;74,93
5/3/25;9;3893,1;20,93
5/3/25;10;3741;12,59
5/3/25;11;3219;0,01
5/3/25;12;3410;-0,01
5/3/25;13;3461,6;-1,16
5/3/25;14;3506,8;-3,04
5/3/25;15;3571,3;-2,69
5/3/25;16;3464,3;-0,03
5/3/25;17;3531,4;0
5/3/25;18;3123,2;29,46
5/3/25;19;2951,9;81,71
5/3/25;20;2576,9;94,9
5/3/25;21;3075,2;123
5/3/25;22;2541,2;103,17
5/3/25;23;2879,5;85,88
5/3/25;24;3419,1;72,37
5/4/25;1;3511,1;61,54
5/4/25;2;3665,7;45,85
5/4/25;3;3656,9;33,47
5/4/25;4;3601,3;21,14
5/4/25;5;3611,5;20,31
5/4/25;6;3519,5;15,58
5/4/25;7;3057,3;13,62
5/4/25;8;2373,1;7,83
5/4/25;9;2526;2,93
5/4/25;10;3269,9;0
5/4/25;11;3589,9;-0,01
5/4/25;12;3537,9;-0,01
5/4/25;13;3579,3;-0,02
5/4/25;14;3615,9;-2
5/4/25;15;3699,4;-5,01
5/4/25;16;3731,6;-1,59
5/4/25;17;3849,5;-0,01
5/4/25;18;3314,9;10,54
5/4/25;19;3299,8;83,59
5/4/25;20;2358,3;99,03
5/4/25;21;2664,4;109,01
5/4/25;22;2341,6;106,68
5/4/25;23;2334,7;100,1
5/4/25;24;2333,7;89,78
5/5/25;1;3166,1;69,71
5/5/25;2;2842;71,84
5/5/25;3;2780;65,71
5/5/25;4;2781,5;67,88
5/5/25;5;3089,8;70,04
5/5/25;6;2819,3;89,09
5/5/25;7;2379,6;106,8
5/5/25;8;2720,6;126,68
5/5/25;9;3195,1;111
5/5/25;10;3356,3;96,17
5/5/25;11;3545,1;88,21
5/5/25;12;3632,5;69,16
5/5/25;13;3830,2;50
5/5/25;14;3770,3;50
5/5/25;15;3561;58,85
5/5/25;16;3321;69,88
5/5/25;17;2924,2;107,38
5/5/25;18;2446,4;96,71
5/5/25;19;2170,3;115,02
5/5/25;20;3079,2;139,02
5/5/25;21;3223,8;265,81
5/5/25;22;2349,6;130,45
5/5/25;23;2779,7;108,69
5/5/25;24;2351,1;98,27
5/6/25;1;2855,8;85,1
5/6/25;2;2996,6;78,85
5/6/25;3;2863,4;75,98
5/6/25;4;2935,6;74,84
5/6/25;5;3018,2;82,5
5/6/25;6;2843;95,12
5/6/25;7;2403,3;111,09
5/6/25;8;2672,4;122,58
5/6/25;9;3385,2;98,87
5/6/25;10;3597,4;82,2
5/6/25;11;3834,2;70,21
5/6/25;12;3691,4;65,45
5/6/25;13;3759,6;63,38
5/6/25;14;3564,1;60,96
5/6/25;15;3387,3;66,84
5/6/25;16;2998,6;79,89
5/6/25;17;2603,8;86,28
5/6/25;18;2395,5;101,79
5/6/25;19;3136,4;120,61
5/6/25;20;3581,4;169,55
5/6/25;21;3506,3;160,66
5/6/25;22;3182;131,78
5/6/25;23;2338,1;111,28
5/6/25;24;2199,1;100,45
5/7/25;1;2312,8;96,23
5/7/25;2;2299,6;90,55
5/7/25;3;2286,6;88,7
5/7/25;4;2300,1;91,04
5/7/25;5;2456,8;93,07
5/7/25;6;2514,4;102,38
5/7/25;7;2385,8;126,23
5/7/25;8;3134,6;141,04
5/7/25;9;3478,3;121,54
5/7/25;10;3389,4;106,17
5/7/25;11;3464,1;98,83
5/7/25;12;3404,3;86,56
5/7/25;13;3273,5;76,3
5/7/25;14;3099,6;77,33
5/7/25;15;2917,4;80,12
5/7/25;16;2709,1;88,4
5/7/25;17;2755,1;93,08
5/7/25;18;2522,4;102,32
5/7/25;19;3048,5;113,69
5/7/25;20;2850,6;135,39
5/7/25;21;2928,6;165,52
5/7/25;22;2501;130,08
5/7/25;23;2965,7;110,9
5/7/25;24;2534,1;99,48
5/8/25;1;3476,4;99,35
5/8/25;2;3386,6;94,99
5/8/25;3;3385,2;94,87
5/8/25;4;3406,8;97,17
5/8/25;5;3647,6;95,85
5/8/25;6;3482,9;113,64
5/8/25;7;3126,3;127,34
5/8/25;8;2452,4;136,19
5/8/25;9;3425,6;121,01
5/8/25;10;3450,3;105,21
5/8/25;11;3483;92,14
5/8/25;12;3178,4;80,02
5/8/25;13;3092,8;67,59
5/8/25;14;3142,9;66,97
5/8/25;15;2902,6;73,75
5/8/25;16;2822,4;83,5
5/8/25;17;2886,8;99,94
5/8/25;18;2488,8;119,19
5/8/25;19;2537,4;145,23
5/8/25;20;2547,1;177
5/8/25;21;2585,5;222,3
5/8/25;22;2662,4;161,17
5/8/25;23;3352,9;145,25
5/8/25;24;3466,6;126,23
5/9/25;1;3131,2;101,34
5/9/25;2;3240,3;99,59
5/9/25;3;3301,1;96,66
5/9/25;4;3280,6;97,98
5/9/25;5;3308,6;99,86
5/9/25;6;3375,1;109,13
5/9/25;7;2947,2;134,46
5/9/25;8;2874,1;128,72
5/9/25;9;3298;94,37
5/9/25;10;3563,5;84,78
5/9/25;11;3471,9;54,22
5/9/25;12;3974,5;5,12
5/9/25;13;4106,7;5,12
5/9/25;14;4230,6;0,22
5/9/25;15;4291,4;0,02
5/9/25;16;3772,1;31,21
5/9/25;17;3206,9;73,31
5/9/25;18;2945,2;95,32
5/9/25;19;2219,2;128,39
5/9/25;20;2401,4;165,49
5/9/25;21;2291,3;191,34
5/9/25;22;2754,2;153,3
5/9/25;23;3318,1;134,33
5/9/25;24;3603,7;109,17
5/10/25;1;2460,7;119,98
5/10/25;2;2364,2;105,33
5/10/25;3;2412,5;101,13
5/10/25;4;2388,5;96,5
5/10/25;5;2174,2;100,67
5/10/25;6;2378,1;100,46
5/10/25;7;2212,4;97,61
5/10/25;8;2163,5;92,61
5/10/25;9;2360,7;71,18
5/10/25;10;3366,3;10
5/10/25;11;3551,2;2,94
5/10/25;12;3481,9;5,12
5/10/25;13;3493,2;5
5/10/25;14;3469,9;3
5/10/25;15;3459,2;5,52
5/10/25;16;3603,2;5,11
5/10/25;17;3407,2;66,92
5/10/25;18;2718,6;94,61
5/10/25;19;2144,9;102,16
5/10/25;20;3239,2;126,17
5/10/25;21;2836,5;220,81
5/10/25;22;2329,7;133,69
5/10/25;23;2513,7;114,81
5/10/25;24;2764,8;97,67
5/11/25;1;2467,6;99,35
5/11/25;2;2243,6;98,05
5/11/25;3;2214,7;96,58
5/11/25;4;2120,5;98,54
5/11/25;5;2161,8;98,55
5/11/25;6;2259,9;98,54
5/11/25;7;2215,3;90,63
5/11/25;8;1844,7;67,78
5/11/25;9;2098,8;4,96
5/11/25;10;3812,1;0
5/11/25;11;3866,1;0
5/11/25;12;3917,2;0,01
5/11/25;13;3832,6;0,01
5/11/25;14;3780,5;0
5/11/25;15;3726,5;0
5/11/25;16;3467,7;3
5/11/25;17;3495;42,64
5/11/25;18;3232,8;60,06
5/11/25;19;3163,6;129,98
5/11/25;20;2241,8;153,3
5/11/25;21;2096,8;184
5/11/25;22;2507;124,86
5/11/25;23;3380,4;110,68
5/11/25;24;3485,2;93,01
5/12/25;1;3362,3;89,11
5/12/25;2;3292,6;84,21
5/12/25;3;3252,7;83,78
5/12/25;4;3373,7;84,4
5/12/25;5;3430,1;87,95
5/12/25;6;3514,4;105,05
5/12/25;7;3009,4;155,92
5/12/25;8;2877,8;157,53
5/12/25;9;3054,6;120,18
5/12/25;10;2808;84,87
5/12/25;11;2808,2;48,26
5/12/25;12;3091,7;38,14
5/12/25;13;2805,3;55
5/12/25;14;2963,7;58
5/12/25;15;2983,7;57,22
5/12/25;16;2700,7;65
5/12/25;17;2596;83,33
5/12/25;18;2361,6;111,38
5/12/25;19;2252,3;178,22
5/12/25;20;2684,7;263,17
5/12/25;21;2573;361,77
5/12/25;22;2606,4;167,76
5/12/25;23;2397,3;163,22
5/12/25;24;2355,2;109,88
5/13/25;1;2642,7;104,56
5/13/25;2;2382,1;95,23
5/13/25;3;2457,4;94,31
5/13/25;4;2326,1;96,39
5/13/25;5;2428,6;99,34
5/13/25;6;2568,7;116,79
5/13/25;7;2684,5;137,26
5/13/25;8;2834,4;128,53
5/13/25;9;2711,1;100,45
5/13/25;10;2958,4;81,77
5/13/25;11;3586,9;29,44
5/13/25;12;4196,8;15,33
5/13/25;13;3955,4;26,73
5/13/25;14;3669,8;36,99
5/13/25;15;3413,4;39,3
5/13/25;16;3363,2;49,63
5/13/25;17;2969,3;87,95
5/13/25;18;2967,2;93
5/13/25;19;2750,9;115,26
5/13/25;20;2501,7;175,78
5/13/25;21;2514,8;321,14
5/13/25;22;2477,2;157,84
5/13/25;23;2779,2;128,54
5/13/25;24;2629,7;108,11
5/14/25;1;2856,3;113,82
5/14/25;2;2594,3;104,81
5/14/25;3;2586,6;104,18
5/14/25;4;2619,6;102,11
5/14/25;5;2687,2;102,13
5/14/25;6;2775,3;110,03
5/14/25;7;2540,2;138,55
5/14/25;8;2596,4;122,11
5/14/25;9;2967,5;99,73
5/14/25;10;3104,9;72,55
5/14/25;11;3380,5;9,91
5/14/25;12;3826,4;12,69
5/14/25;13;3350,4;17,79
5/14/25;14;3088;14,17
5/14/25;15;3059,2;15,82
5/14/25;16;2851,5;28,51
5/14/25;17;2882,6;60,4
5/14/25;18;2680;116,85
5/14/25;19;2424,2;153,3
5/14/25;20;2478;214,54
5/14/25;21;2552,1;353,1
5/14/25;22;2844,1;142,34
5/14/25;23;3211,3;116,67
5/14/25;24;3236,3;107,33
5/15/25;1;2781,1;105,02
5/15/25;2;2667,6;96,8
5/15/25;3;3212,7;94,76
5/15/25;4;3154;95,66
5/15/25;5;3365,9;98,04
5/15/25;6;3528,2;105,68
5/15/25;7;3160,3;126,61
5/15/25;8;2687,2;131
5/15/25;9;3586,6;99,71
5/15/25;10;3660;70,34
5/15/25;11;3343,8;13,62
5/15/25;12;3708,2;8,44
5/15/25;13;3711,5;8,43
5/15/25;14;3858,7;12,77
5/15/25;15;3887,9;15,47
5/15/25;16;3943,1;44,18
5/15/25;17;3759,8;80,49
5/15/25;18;3622,7;90,89
5/15/25;19;3353,2;109,87
5/15/25;20;2757,7;136,98
5/15/25;21;2766,4;166,49
5/15/25;22;2977,3;129,91
5/15/25;23;3713,8;113,27
5/15/25;24;3648,3;107,03
5/16/25;1;2815,4;100,04
5/16/25;2;2847,8;90,16
5/16/25;3;3067,9;87,42
5/16/25;4;3162,8;86,65
5/16/25;5;2961,2;90,49
5/16/25;6;3047,8;97,37
5/16/25;7;2770,5;111,1
5/16/25;8;3424,5;116,65
5/16/25;9;3702;108,8
5/16/25;10;4119,3;94,76
5/16/25;11;3993,4;88,15
5/16/25;12;4528,6;60
5/16/25;13;4636,7;44,69
5/16/25;14;4576,7;54,09
5/16/25;15;4185;60
5/16/25;16;3862,6;88,17
5/16/25;17;3521,4;93,23
5/16/25;18;3583,8;106,06
5/16/25;19;2964,6;153,29
5/16/25;20;2536,8;130,34
5/16/25;21;2566;196,33
5/16/25;22;2551;153,29
5/16/25;23;2749,3;116,86
5/16/25;24;2809,4;119,31
5/17/25;1;2437,9;94,21
5/17/25;2;2275,2;94,36
5/17/25;3;2206,1;89,46
5/17/25;4;2192,3;89,77
5/17/25;5;2120,9;91,05
5/17/25;6;2170,8;95,81
5/17/25;7;2247,7;92,68
5/17/25;8;2781,2;90,5
5/17/25;9;2931,4;60,43
5/17/25;10;3226,4;1
5/17/25;11;3298,3;0
5/17/25;12;3467,3;0
5/17/25;13;4347,5;-0,01
5/17/25;14;4344,8;-0,02
5/17/25;15;4375,8;0
5/17/25;16;4151,7;0
5/17/25;17;3267,4;13,63
5/17/25;18;2722,4;57,37
5/17/25;19;2234,2;127,67
5/17/25;20;2541,2;157,11
5/17/25;21;2849,7;236,8
5/17/25;22;2709,6;169,51
5/17/25;23;2382,4;153,29
5/17/25;24;2360,3;147,21
5/18/25;1;2521,7;108,08
5/18/25;2;2220,5;102,45
5/18/25;3;2116,6;99,56
5/18/25;4;2131,3;98,38
5/18/25;5;2178,8;99,34
5/18/25;6;2117,5;99
5/18/25;7;1975,9;92,11
5/18/25;8;2807,6;87,99
5/18/25;9;3727,6;45,32
5/18/25;10;2697,7;8,56
5/18/25;11;3482,2;0
5/18/25;12;3606,1;-0,2
5/18/25;13;3672;-2
5/18/25;14;4077,2;-7,37
5/18/25;15;3990,8;0
5/18/25;16;3905;0
5/18/25;17;3726,8;0
5/18/25;18;3802,9;25,34
5/18/25;19;3214,9;96,02
5/18/25;20;2476,1;131
5/18/25;21;2181;153,3
5/18/25;22;2737,3;132,39
5/18/25;23;3173,3;120,04
5/18/25;24;3341,3;105,82
5/19/25;1;2773,1;112,56
5/19/25;2;2367,2;105,98
5/19/25;3;2383,6;99,06
5/19/25;4;2544,4;95,88
5/19/25;5;2551,6;105,75
5/19/25;6;2836,4;118,57
5/19/25;7;2241,8;139,58
5/19/25;8;3164,7;135,16
5/19/25;9;3664,3;96
5/19/25;10;3739,2;65
5/19/25;11;3755,3;20,03
5/19/25;12;3565,1;29,03
5/19/25;13;2847,6;12,77
5/19/25;14;3324;5
5/19/25;15;3087,7;8
5/19/25;16;2788,9;29
5/19/25;17;2644,1;81,99
5/19/25;18;2576;105,36
5/19/25;19;2816,8;124,08
5/19/25;20;2288,9;153,29
5/19/25;21;2361,5;230,28
5/19/25;22;2278,9;153,85
5/19/25;23;2589,5;136,23
5/19/25;24;2784,9;119,34
5/20/25;1;2580,3;121,89
5/20/25;2;2433,7;110,55
5/20/25;3;2385,5;107,96
5/20/25;4;2377,9;111,42
5/20/25;5;2276;123,84
5/20/25;6;2402,4;133,98
5/20/25;7;2431,8;145,25
5/20/25;8;2870;134,4
5/20/25;9;3556,5;88,83
5/20/25;10;3286,5;31,61
5/20/25;11;3746,8;55
5/20/25;12;3031;15,99
5/20/25;13;3063,9;24,1
5/20/25;14;2902;26,34
5/20/25;15;2936,4;38,41
5/20/25;16;2858,8;63,22
5/20/25;17;2365,9;93,92
5/20/25;18;3326,8;109,38
5/20/25;19;3025,6;140,91
5/20/25;20;2364,6;242,78
5/20/25;21;2345,3;298,63
5/20/25;22;2754,3;176,41
5/20/25;23;3277;136,97
5/20/25;24;3200,1;114,82
5/21/25;1;2274,8;196,44
5/21/25;2;2206,6;180,16
5/21/25;3;2170,3;176,2
5/21/25;4;2176,5;181,11
5/21/25;5;2232,6;193,89
5/21/25;6;2290,6;221,78
5/21/25;7;2239,4;223,97
5/21/25;8;2356,2;138
5/21/25;9;2598,1;89,44
5/21/25;10;2827,6;84,82
5/21/25;11;2977,3;42,22
5/21/25;12;3522,4;57,3
5/21/25;13;3329,8;50
5/21/25;14;3299,7;45,17
5/21/25;15;3095,1;60,96
5/21/25;16;2954,4;101,77
5/21/25;17;2525,6;117,33
5/21/25;18;2303,5;178,77
5/21/25;19;2457,3;226,18
5/21/25;20;2714,7;292,13
5/21/25;21;2772,1;355
5/21/25;22;2485,3;189,04
5/21/25;23;2406,3;158
5/21/25;24;2441,6;158,77
5/22/25;1;2550,6;104,93
5/22/25;2;2479,2;95,73
5/22/25;3;2505;89,78
5/22/25;4;2744,3;90,54
5/22/25;5;2892,3;90,65
5/22/25;6;2981;97,46
5/22/25;7;2535,3;117,39
5/22/25;8;2600,9;120,39
5/22/25;9;3403,7;106,49
5/22/25;10;3439,2;88,5
5/22/25;11;3649,5;70,09
5/22/25;12;3511,2;65,52
5/22/25;13;3301,9;40,89
5/22/25;14;3400,6;52,87
5/22/25;15;3149,9;65,01
5/22/25;16;2874,6;92,96
5/22/25;17;2495,9;98,66
5/22/25;18;2583,1;110,08
5/22/25;19;2438,7;123,79
5/22/25;20;2336,4;132,38
5/22/25;21;2569,7;183,66
5/22/25;22;2339,2;137,35
5/22/25;23;3229;121,47
5/22/25;24;3088,5;115,61
5/23/25;1;2668,7;108,5
5/23/25;2;2583,4;99,49
5/23/25;3;2640,3;92,84
5/23/25;4;2814,6;92,52
5/23/25;5;2786,8;100,68
5/23/25;6;3405,4;116,43
5/23/25;7;2813,3;138,42
5/23/25;8;2505,9;145
5/23/25;9;3569,7;127,36
5/23/25;10;3401,2;97,3
5/23/25;11;3558,2;87,8
5/23/25;12;3577,3;74,16
5/23/25;13;3077,9;46,18
5/23/25;14;2822;45,37
5/23/25;15;2637,7;55
5/23/25;16;2225,8;77,37
5/23/25;17;2511,7;98,56
5/23/25;18;2394,6;99,63
5/23/25;19;2397,9;126,87
5/23/25;20;2848,3;149,76
5/23/25;21;2851,2;215,53
5/23/25;22;2477,7;151,61
5/23/25;23;2830,1;129,37
5/23/25;24;2851,4;112,54
5/24/25;1;2343,7;112,45
5/24/25;2;2241,1;98,88
5/24/25;3;2267,1;94,46
5/24/25;4;2274,6;89,9
5/24/25;5;2230;89
5/24/25;6;2195,7;89
5/24/25;7;2005,9;89,99
5/24/25;8;2155,6;78,2
5/24/25;9;2411,7;63,35
5/24/25;10;3253,1;12,26
5/24/25;11;3379,4;0,84
5/24/25;12;3788,3;7,69
5/24/25;13;3507,3;8,44
5/24/25;14;3400,3;10,23
5/24/25;15;3335,3;14,8
5/24/25;16;3198,7;15
5/24/25;17;3166,3;55,09
5/24/25;18;2654,7;70,65
5/24/25;19;2343,6;95,39
5/24/25;20;2678,7;122,53
5/24/25;21;2802,1;176,7
5/24/25;22;2793,6;137,91
5/24/25;23;2404,8;130,29
5/24/25;24;2603,8;102,02
5/25/25;1;2812,8;89,02
5/25/25;2;3025;59,22
5/25/25;3;3479,8;25,92
5/25/25;4;3659,9;10,11
5/25/25;5;3477,7;8
5/25/25;6;3570,7;6,41
5/25/25;7;3368,7;1,48
5/25/25;8;3224;1,41
5/25/25;9;3827,2;3,62
5/25/25;10;3647,7;3,51
5/25/25;11;3769,7;12,26
5/25/25;12;3980,1;21,64
5/25/25;13;4010,3;30
5/25/25;14;4112,1;17,77
5/25/25;15;3972;18,09
5/25/25;16;3965,3;30
5/25/25;17;4130,1;6,16
5/25/25;18;3903,4;17,52
5/25/25;19;2692,5;68,03
5/25/25;20;3148,5;100,9
5/25/25;21;3522,7;116,36
5/25/25;22;3453,1;115,97
5/25/25;23;2512,8;105,22
5/25/25;24;2551,2;96,25
5/26/25;1;2249,4;95
5/26/25;2;2079,3;87,63
5/26/25;3;2139,2;84,68
5/26/25;4;2171,3;83,54
5/26/25;5;2390,2;88,41
5/26/25;6;2491,5;98,55
5/26/25;7;2760,5;127,2
5/26/25;8;2850,6;150,04
5/26/25;9;2580,2;135,45
5/26/25;10;2585,6;99,69
5/26/25;11;2833,5;85,06
5/26/25;12;2832,5;51,51
5/26/25;13;3100,2;33,87
5/26/25;14;3105,8;30
5/26/25;15;3078,1;19,83
5/26/25;16;2970,2;15,01
5/26/25;17;2697,4;59,46
5/26/25;18;2386,1;98,84
5/26/25;19;2178;129,69
5/26/25;20;2575,9;162,66
5/26/25;21;3147,3;240,25
5/26/25;22;2673,8;175,15
5/26/25;23;2432,5;144,21
5/26/25;24;2215,4;113,87
5/27/25;1;2396,7;105,78
5/27/25;2;2276;94,11
5/27/25;3;2315,7;87,61
5/27/25;4;2320;85,92
5/27/25;5;2346,7;89,02
5/27/25;6;2614,7;95,86
5/27/25;7;2453,2;111,66
5/27/25;8;3182,9;94,02
5/27/25;9;3553,8;70,23
5/27/25;10;3375,4;51,98
5/27/25;11;3207,7;4,51
5/27/25;12;4100,1;3,43
5/27/25;13;4232,9;0,2
5/27/25;14;4105,5;2,94
5/27/25;15;3855,9;8,43
5/27/25;16;3364,6;18,82
5/27/25;17;2771,3;61
5/27/25;18;2732,3;92
5/27/25;19;2339,9;117,2
5/27/25;20;2939,2;143,95
5/27/25;21;3052,1;218,84
5/27/25;22;3249,8;148,57
5/27/25;23;2485,7;118,86
5/27/25;24;2525,4;99,37
5/28/25;1;2292;92,02
5/28/25;2;2295,8;76,94
5/28/25;3;2325,4;74,1
5/28/25;4;2571,9;69,6
5/28/25;5;2671,2;73,3
5/28/25;6;2585,5;84,18
5/28/25;7;2375,6;98,79
5/28/25;8;3207,2;102,78
5/28/25;9;3909,9;98,16
5/28/25;10;3981,2;66,41
5/28/25;11;3970,3;80,18
5/28/25;12;3833,6;69,15
5/28/25;13;3987,7;67,91
5/28/25;14;3758,2;52,27
5/28/25;15;3514,4;58,9
5/28/25;16;2968,7;59,56
5/28/25;17;2788,8;76,13
5/28/25;18;2812,4;112,05
5/28/25;19;2494,4;130,9
5/28/25;20;2879,1;141,38
5/28/25;21;2942;172,95
5/28/25;22;2816,5;138,98
5/28/25;23;3067,5;124,41
5/28/25;24;2458,3;110,83
5/29/25;1;2449,7;96,74
5/29/25;2;2332,3;92,31
5/29/25;3;2312,6;90,42
5/29/25;4;2323,4;89,99
5/29/25;5;2353,5;89,78
5/29/25;6;2519;90,25
5/29/25;7;2494,4;98,77
5/29/25;8;2766;82,37
5/29/25;9;3433,6;81,87
5/29/25;10;3454,6;60,83
5/29/25;11;2927,7;18
5/29/25;12;3863,1;2,94
5/29/25;13;3693,1;5,61
5/29/25;14;3741,6;10,53
5/29/25;15;3779,2;12,05
5/29/25;16;3485,5;19,75
5/29/25;17;3388,1;33,63
5/29/25;18;2837,7;82,45
5/29/25;19;2376,7;108,53
5/29/25;20;3561,1;122,1
5/29/25;21;3590;164
5/29/25;22;3429,2;133,35
5/29/25;23;2812,2;102,68
5/29/25;24;2440,3;85,68
5/30/25;1;2629,3;73,19
5/30/25;2;2859,3;57,81
5/30/25;3;3083,7;41,35
5/30/25;4;2987,5;33,95
5/30/25;5;2751;37,39
5/30/25;6;2451,6;57,25
5/30/25;7;2460,3;89,02
5/30/25;8;2797,8;68,38
5/30/25;9;3004;53,01
5/30/25;10;2947,8;29,13
5/30/25;11;3468,2;2,94
5/30/25;12;3896,1;2,94
5/30/25;13;3704;4,02
5/30/25;14;3636,3;0,77
5/30/25;15;4172,8;0,04
5/30/25;16;3193;0,12
5/30/25;17;3041,8;0,14
5/30/25;18;3051,9;29,2
5/30/25;19;2407,3;80,72
5/30/25;20;3282;132,52
5/30/25;21;3312,9;176,49
5/30/25;22;3266,1;146,56
5/30/25;23;3118,6;130,19
5/30/25;24;2909,4;108,27
5/31/25;1;2804,5;107
5/31/25;2;2927,1;101,02
5/31/25;3;3020,4;100,62
5/31/25;4;3020,6;101,67
5/31/25;5;3006,5;102,7
5/31/25;6;2970,3;100,67
5/31/25;7;2757,8;90,05
5/31/25;8;3083,9;78,7
5/31/25;9;3498,2;54,32
5/31/25;10;2580,6;1
5/31/25;11;3749,3;-0,02
5/31/25;12;3930,9;-1
5/31/25;13;3920,5;-3,07
5/31/25;14;3932,7;-13,17
5/31/25;15;3879;-7,75
5/31/25;16;3760,8;-3
5/31/25;17;3758,9;0,03
5/31/25;18;2605;43,43
5/31/25;19;2578,2;88,82
5/31/25;20;3219,1;131,34
5/31/25;21;3276,8;244,16
5/31/25;22;3310,4;191,07
5/31/25;23;2935,7;131,15
5/31/25;24;2456,6;103,19
6/1/25;1;2089,6;98,69
6/1/25;2;2458,3;85,15
6/1/25;3;2372,6;79,58
6/1/25;4;2615,3;72,89
6/1/25;5;2528,5;69,74
6/1/25;6;2187,9;63,38
6/1/25;7;1949,1;34,87
6/1/25;8;2182,3;13
6/1/25;9;2238,7;2,4
6/1/25;10;3530;-0,01
6/1/25;11;3646,6;-0,6
6/1/25;12;3810;-2,11
6/1/25;13;3902,8;-5,48
6/1/25;14;3925,2;-12,93
6/1/25;15;3953,9;-20,41
6/1/25;16;3895,5;-15,61
6/1/25;17;3560,9;0
6/1/25;18;3389,5;26,1
6/1/25;19;2374;88,36
6/1/25;20;2269,7;151,93
6/1/25;21;2491,8;139,79
6/1/25;22;2603,3;135,99
6/1/25;23;2192,7;110,54
6/1/25;24;2836,4;97,81
6/2/25;1;3157,8;93,62
6/2/25;2;3110,3;87,8
6/2/25;3;3451,6;82,44
6/2/25;4;3392,6;83,34
6/2/25;5;2958,9;96,45
6/2/25;6;3058;102,89
6/2/25;7;2741,2;111,63
6/2/25;8;2482,5;108,85
6/2/25;9;3590,6;92,5
6/2/25;10;3800;84,21
6/2/25;11;3804,6;49,21
6/2/25;12;3726,9;33,21
6/2/25;13;3255,7;20
6/2/25;14;2904,9;12,78
6/2/25;15;2380,3;11
6/2/25;16;2678;19,75
6/2/25;17;2782,9;60
6/2/25;18;2338,2;97,01
6/2/25;19;2468,3;157,48
6/2/25;20;2934,9;296,35
6/2/25;21;2877,4;408,74
6/2/25;22;2958;248,16
6/2/25;23;2542,3;147,44
6/2/25;24;2376,3;121,84